corona_filter;others_infected;corona_income_1;gender;leftright;country;news_avoid_c;intentional_news_c;misinfo_c;disinfo_c;education_new;age4;dummy_dismis;compliance
3;2;0;1;6;1;1;1;4,5;4;2;41;0;7
3;2;100;1;5;1;2;3;4;5;2;21;1;6,85714292526245
3;2;20;1;5;1;4;1;5;4;3;54;0;6,14285707473755
3;2;50;2;7;1;4;4;4;4;3;45; ;4
3;2;0;2;9;1;4;3;4,5;4,5;3;35; ;6,2857141494751
3;2;60;1;3;1;1;7;7;5;3;23;0;6,85714292526245
3;2;1;2;5;1;1;6;5;5;3;25; ;3,71428561210632
3;2;70;1;9;1;6;5;5;5;3;38; ;5,85714292526245
2;2;0;2;10;1;1;6;6;6;3;41; ;5,85714292526245
2;2;40;1;6;1;4;3;5;6;2;32;1;6,57142877578735
3;1;0;1;6;1;1;7;3;4;1;26;1;6,2857141494751
3;2;0;2;5;1;2;6;4,5;2,5;3;36;0;5
3;2;1;1;3;1;1;7;4;4;3;40; ;6,57142877578735
3;1;0;1;5;1;1;7;3;3,5;2;34;1;7
3;2;0;1;6;1;3;4;6;4;2;43;0;7
2;2;5;1;6;1;7;1;3;3;2;22; ;4,14285707473755
3;2;1;2;6;1;1;7;4,5;3;2;62;0;6,7142858505249
2;1;58;2;8;1;5;3;5;4;3;33;0;5
3;2;31;2;4;1;3;5;5;5;2;19; ;5,42857122421265
3;1;70;1;4;1;1;5;4,5;4;3;48;0;7
3;2;0;1;6;1;1;5;4,5;5;2;43;1;7
3;2;22;1;9;1;1;7;4;4;3;44; ;6,7142858505249
3;2;1;2;6;1;1;5;5,5;6;1;61;1;6,2857141494751
3;2;1;1;3;1;4;3;7;5;3;22;0;6,7142858505249
3;2;0;2;8;1;4;4;4;4;3;34; ;4
3;2;0;1;3;1;1;7;6;3;3;26;0;7
3;2;3;2;4;1;2;3;4,5;3,5;3;57;0;6,57142877578735
2;2;41;1;4;1;3;4;6;5;3;31;0;6,14285707473755
3;2;4;2;6;1;2;6;6;5,5;2;40;0;6,57142877578735
3;2;1;1;11;1;4;5;7;7;2;30; ;6,2857141494751
3;2;40;1;6;1;3;3;4;4;3;36; ;6,85714292526245
3;2;0;2;9;1;3;5;5,5;5;3;56;0;6,2857141494751
3;2;0;2;7;1;1;5;4,5;4;3;61;0;5,42857122421265
3;2;10;1;4;1;1;6;5,5;5,5;3;58; ;7
3;2;30;1;11;1;1;7;4;5;1;36;1;7
3;2;51;1;8;1;1;5;4;3;3;53;0;6,85714292526245
3;2;19;2;8;1;4;3;5,5;4,5;3;65;0;4,7142858505249
3;1;0;2;7;1;2;4;5;4,5;2;53;0;4,14285707473755
3;2;1;1;6;1;2;4;6;5,5;3;22;0;6,2857141494751
3;2;20;2;3;1;1;4;6;3,5;3;53;0;6,85714292526245
4;2;1;2;8;1;4;3;4;4;1;62; ;4,85714292526245
3;2;29;1;8;1;1;3;5;5;2;63; ;7
3;2;1;2;8;1;1;7;6,5;4;3;59;0;7
3;2;0;1;6;1;2;3;4,5;4;1;56;0;2,71428561210632
3;1;0;1;6;1;1;6;5,5;5;3;65;0;7
3;2;9;1;4;1;1;3;6;3,5;1;64;0;6,14285707473755
3;2;0;1;6;1;7;1;7;7;1;27; ;6,85714292526245
3;2;2;1;9;1;1;1;4,5;4,5;2;62; ;4,85714292526245
3;2;0;1;6;1;3;2;5;4,5;3;29;0;6,42857122421265
3;2;50;1;6;1;2;4;5,5;5;3;20;0;6,42857122421265
2;1;32;2;8;1;1;5;6,5;5;3;31;0;5,14285707473755
3;2;1;1;5;1;1;7;4;2;3;61;0;6,42857122421265
3;2;10;2;11;1;2;5;2;2,5;2;21;1;5,85714292526245
3;1;0;2;4;1;3;4;4;4;2;65; ;4
3;2;0;2;7;1;1;3;3,5;4;2;62;1;6,85714292526245
3;2;0;1;1;1;3;6;5;5;2;20; ;5,85714292526245
3;2;1;1;4;1;1;7;1,5;4;3;65;1;7
3;2;1;1;7;1;1;6;2;2;2;66; ;6
4;3;50;2;6;1;4;4;7;7;3;100; ;4
3;2;0;1;8;1;5;3;5;5;3;47; ;6,2857141494751
3;1;0;1;5;1;6;2;4;4;3;42; ;6,42857122421265
3;2;0;2;7;1;1;5;6;2;3;60;0;4,2857141494751
3;2;0;2;7;1;1;5;3,5;2,5;2;59;0;4,2857141494751
3;2;4;1;9;1;5;2;6;4,5;3;32;0;5,85714292526245
3;2;0;2;9;1;1;7;6;6;2;63; ;6
3;2;1;2;3;1;2;5;5;4,5;2;57;0;5,42857122421265
3;2;10;1;3;1;1;5;5,5;5;2;22;0;4,85714292526245
3;2;1;1;5;1;2;6;4,5;3,5;3;46;0;6,14285707473755
3;1;9;2;5;1;2;5;1;1;3;43; ;7
2;2;19;2;2;1;3;3;3,5;2,5;2; ;0;3,14285707473755
3;2;31;2;6;1;1;3;5;3,5;2;58;0;7
3;2;11;1;6;1;6;5;6;5;3;30;0;4,85714292526245
3;2;1;1;1;1;3;3;3;3;1;43; ;3
3;2;0;1;6;1;1;6;5,5;3,5;3;30;0;5,7142858505249
2;2;1;2;6;1;2;7;6,5;5,5;2;50;0;6,7142858505249
2;2;15;1;7;1;2;7;6;3,5;3;48;0;6,7142858505249
3;1;9;1;1;1;1;6;4,5;4;3;24;0;6,42857122421265
3;2;40;1;8;1;2;4;6,5;7;3;38;1;6,14285707473755
3;2;0;1;8;1;1;5;4,5;3;2;57;0;6,14285707473755
3;2;0;2;6;1;4;1;6,5;4;3;66;0;6,57142877578735
3;2;9;1;6;1;1;2;1,5;1;2;48;0;6,2857141494751
3;2;78;2;6;1;1;4;5,5;3,5;3;58;0;7
3;2;0;2;9;1;2;1;4,5;2,5;3;50;0;5,7142858505249
3;2;4;2;6;1;5;3;5,5;5;1;27;0;3,85714292526245
3;2;22;2;7;1;3;6;4;4,5;1;45;1;6,85714292526245
3;2;60;1;5;1;2;6;6;5;2;19;0;6,14285707473755
3;1;0;2;6;1;2;7;3;5;3;52;1;6,14285707473755
3;2;0;2;7;1;3;5;5,5;4;3;23;0;6,14285707473755
3;2;0;2;6;1;3;1;6;5,5;2;44;0;5,2857141494751
3;2;0;2;6;1;2;7;4;2;3;63;0;6,7142858505249
3;1;0;1;8;1;1;1;1;1;2;61; ;3,14285707473755
3;2;100;1;5;1;3;5;5;3,5;3;20;0;5,42857122421265
3;2;0;1;6;1;1;5;5;4,5;2;52;0;6,57142877578735
3;2;0;2;6;1;5;5;2,5;4;1;19;1;6,2857141494751
3;2;28;1;7;1;2;6;3;2,5;3;26;0;5,42857122421265
3;2;0;2;8;1;1;7;6,5;4,5;3;52;0;6,42857122421265
3;2;19;1;5;1;1;4;4,5;5,5;2;60;1;5,14285707473755
2;2;42;1;6;1;3;5;6,5;5,5;3;54;0;6,42857122421265
2;2;34;2;6;1;4;4;3,5;3,5;2;37; ;3,28571438789368
3;2;100;2;8;1;2;6;6,5;6,5;3;54; ;6
3;2;27;1;7;1;2;5;5,5;3,5;1;20;0;5,85714292526245
3;2;10;2;6;1;7;7;7;7;3;33; ;6
3;2;25;1;4;1;2;6;5,5;4;3;58;0;7
3;2;100;1;10;1;1;7;7;4,5;3;48;0;6,42857122421265
3;1;0;1;11;1;1;1;3;3;2;65; ;7
3;1;100;1;7;1;1;6;6;4,5;2;52;0;6,7142858505249
3;2;0;1;3;1;4;2;3;3;3;22; ;5,85714292526245
3;2;0;2;8;1;5;3;5,5;4,5;2;46;0;6,42857122421265
3;1;0;1;9;1;1;7;5;3,5;2;33;0;7
3;1;0;2;4;1;1;6;6;4;3;62;0;6,57142877578735
2;2;0;2;4;1;4;4;5;5;2;20; ;4,14285707473755
3;2;19;2;6;1;2;5;4;4,5;2;38;1;5,7142858505249
3;2;19;2;8;1;4;3;5;4,5;3;1967;0;5,85714292526245
2;1;1;1;3;1;2;5;3,5;2;3;54;0;7
3;2;42;1;3;1;4;5;3;3,5;3;28;1;4,2857141494751
3;2;5;1;8;1;4;4;3;3;2;44; ;3
2;1;16;2;8;1;1;5;5,5;4;3;21;0;5,7142858505249
3;2;0;1;9;1;7;3;7;7;3;56; ;5
2;2;14;1;2;1;1;7;7;5,5;3;50;0;5,2857141494751
3;2;0;2;5;1;2;6;4,5;5;3;60;1;6,14285707473755
3;2;0;2;6;1;1;6;5;4;3;60;0;6,42857122421265
3;1;0;2;1;1;1;7;6;4,5;2;63;0;7
3;1;0;1;7;1;2;6;5,5;4;2;27;0;5,57142877578735
3;2;30;2;3;1;4;4;4;4,5;2;60;1;4,14285707473755
3;2;10;1;8;1;2;5;6,5;5;3;24;0;5,14285707473755
2;2;100;1;11;1;1;7;3,5;4,5;3;33;1;7
3;2;28;2;4;1;4;5;6;4;2;19;0;5,7142858505249
3;2;32;1;6;1;2;7;5,5;5,5;1;54; ;5,42857122421265
3;2;0;2;3;1;1;1;1,5;4;2;38;1;6,14285707473755
3;2;10;2;9;1;6;6;5,5;6;2;59;1;6,42857122421265
3;2;0;1;6;1;4;3;4,5;4,5;2;45; ;5,2857141494751
3;2;0;2;1;1;3;6;3,5;5,5;1;54;1;5,2857141494751
3;2;0;1;8;1;1;4;5;5;3;48; ;7
3;3;11;1;5;1;1;7;6;5;3;24;0;7
3;2;1;1;6;1;1;6;2;2;3;44; ;7
3;1;0;2;7;1;2;2;5,5;4;2;21;0;5,57142877578735
3;2;1;2;8;1;3;5;5,5;4,5;2;51;0;7
2;2;0;1;5;1;3;5;2,5;3;1;55;1;6,85714292526245
3;2;0;1;6;1;3;6;4;5;2;42;1;7
3;2;11;1;3;1;2;6;1,5;1;3;29;0;7
3;2;29;1;6;1;1;7;5,5;5,5;2;24; ;6,57142877578735
3;2;40;1;7;1;2;6;5,5;5,5;1;2019; ;6,42857122421265
3;2;51;2;6;1;4;4;4;4;1;23; ;4
3;1;0;1;3;1;1;7;5,5;4,5;1;28;0;7
3;2;11;1;4;1;2;3;3,5;4;3;47;1;6,7142858505249
3;2;18;1;4;1;1;7;5;4;2;40;0;5,85714292526245
3;2;10;1;5;1;4;5;5;4,5;2;59;0;3,85714292526245
3;2;7;2;6;1;4;7;5,5;4;1;55;0;5
3;2;0;2;8;1;1;1;3;3;2;54; ;7
3;2;1;1;4;1;1;5;5;5,5;2;58;1;6,42857122421265
3;2;14;2;9;1;4;4;5,5;4,5;3;142;0;4,85714292526245
3;1;0;1;4;1;2;1;4;2,5;3;23;0;6,14285707473755
3;2;4;1;7;1;4;4;5,5;6;1;65;1;6
2;2;0;1;6;1;3;1;3,5;5;3;25;1;4,85714292526245
3;2;0;1;2;1;1;7;5;4;2;43;0;7
2;2;0;2;8;1;7;1;5,5;5,5;2;40; ;6
2;2;0;1;8;1;2;2;4;4,5;3;49;1;5,57142877578735
3;2;100;2;7;1;7;7;1;1;2;50; ;6,7142858505249
3;2;1;1;2;1;3;3;3,5;3,5;2;61; ;2,85714292526245
3;2;23;1;6;1;1;5;6;6;2;34; ;7
3;2;2;1;6;1;1;7;5,5;4;2;63;0;6,2857141494751
3;2;1;2;8;1;1;7;5,5;5;3;36;0;6,85714292526245
2;2;7;1;9;1;1;6;5;3;3;24;0;6,57142877578735
3;2;21;1;7;1;1;3;4;2,5;1;51;0;6,85714292526245
3;2;8;1;9;1;1;7;5;3,5;3;47;0;6,2857141494751
3;2;0;2;1;1;3;6;5;4;2;49;0;6,85714292526245
2;1;30;2;5;1;2;6;4;4,5;1;53;1;6,7142858505249
3;2;0;1;4;1;3;4;5;5;3;24; ;6,7142858505249
3;2;0;1;3;1;7;7;2,5;2;3;66;0;7
3;2;0;1;4;1;2;6;4,5;4,5;3;46; ;6,7142858505249
3;1;10;2;4;1;1;6;5,5;4,5;2;19;0;5
3;2;1;1;6;1;2;5;4;4;1;55; ;4,7142858505249
2;2;0;1;3;1;3;5;2,5;2,5;2;24; ;7
3;2;0;1;6;1;5;3;5;5,5;2;41;1;5,42857122421265
3;2;0;1;4;1;1;7;4,5;1,5;3;54;0;5,85714292526245
3;2;50;2;7;1;6;6;4;4,5;2;22;1;6,7142858505249
3;2;0;1;6;1;1;3;4;4;2;65; ;5,2857141494751
3;2;6;1;5;1;4;3;2,5;2;1;46;0;5
3;2;5;1;6;1;4;5;4;4;2;41; ;4,2857141494751
3;2;1;1;5;1;1;5;5,5;4,5;1;66;0;7
2;2;0;1;4;1;1;5;4;3;2;30;0;6,14285707473755
3;2;0;1;6;1;1;7;4,5;4;2;25;0;6,7142858505249
3;1;0;1;7;1;1;7;4;2;3;43;0;6,85714292526245
3;2;0;1;6;1;4;4;4;4,5;2;41;1;4,42857122421265
3;2;20;2;6;1;1;2;6,5;5;2;30;0;7
3;2;10;1;7;1;1;6;4;3;3;29;0;6,42857122421265
3;2;2;1;4;1;3;2;4;4;1;43; ;5,2857141494751
3;2;1;1;9;1;4;4;3;5;2;47;1;7
3;2;60;1;6;1;3;5;3;4,5;2;61;1;5,2857141494751
2;2;0;1;5;1;3;6;3,5;4,5;2;53;1;6,7142858505249
3;2;0;1;9;1;1;7;3,5;3;3;55;0;7
3;2;0;2;7;1;1;7;6,5;6,5;2;31; ;6,14285707473755
3;2;2;1;4;1;7;7;3;3,5;1;59;1;7
3;2;0;2;6;1;6;2;5;5;3;23; ;6,42857122421265
3;2;11;2;8;1;3;4;6;5;2;39;0;5,85714292526245
2;2;0;2;7;1;2;6;6;6;3;54; ;6
3;2;10;1;9;1;1;6;5,5;5;3;50;0;5,42857122421265
3;2;5;1;6;1;1;5;4,5;3;2;27;0;5,42857122421265
3;2;0;1;6;1;1;7;5;4;2;33;0;6,57142877578735
3;2;0;1;7;1;4;3;4,5;3;2;43;0;5,85714292526245
3;2;43;1;3;1;5;3;5,5;4,5;3;43;0;6,57142877578735
2;2;0;1;6;1;1;7;5;5,5;1;62;1;7
2;2;6;1;7;1;1;6;2;4,5;2;37;1;6,42857122421265
3;1;18;2;7;1;3;3;3,5;3,5;2;1985; ;3,42857146263123
3;1;30;2;3;1;2;4;1,5;2;2;23;1;3,28571438789368
3;2;20;1;6;1;3;6;5;6;2;66;1;5,14285707473755
3;2;24;1;6;1;3;4;5;4,5;2;27;0;5,57142877578735
3;2;10;2;5;1;2;5;4;4,5;3;25;1;5,14285707473755
3;2;0;1;6;1;2;6;5,5;5;1;61;0;6,42857122421265
3;2;0;2;2;1;2;6;5;4,5;2;55;0;5,85714292526245
3;2;8;1;6;1;2;2;3;3;2;39; ;4
3;2;0;2;6;1;1;7;6;7;2;52;1;3,57142853736877
3;2;3;1;6;1;1;5;4;3,5;1;44;0;6,57142877578735
3;1;7;1;8;1;2;5;6;4,5;2;64;0;6,85714292526245
3;2;1;1;8;1;3;1;3;3,5;1;44;1;6
3;1;35;1;7;1;5;2;3;4;3;30;1;4,7142858505249
3;2;1;2;5;1;3;5;6;5;3;53;0;5,2857141494751
3;2;1;1;6;1;1;2;4;4;1;58; ;6,85714292526245
3;1;90;1;6;1;2;6;3;2,5;2;56;0;6,7142858505249
3;2;25;2;6;1;3;4;4,5;4;1;52;0;6
3;2;0;1;4;1;1;4;5,5;5;3;47;0;6,57142877578735
3;2;5;2;8;1;4;2;5;5,5;2;55;1;6,42857122421265
3;2;30;2;5;1;2;6;4,5;4,5;3;55; ;6,2857141494751
3;2;2;1;5;1;5;3;4;4;3;43; ;5,85714292526245
3;2;70;2;6;1;1;6;4;4;3;46; ;7
3;1;8;1;4;1;2;7;5,5;4;3;41;0;6,2857141494751
3;1;100;2;11;1;3;6;3;2;2;21;0;4,7142858505249
3;2;2;2;10;1;2;2;5,5;4,5;1;22;0;6,7142858505249
3;1;0;1;6;1;1;7;4,5;4,5;3;48; ;6,7142858505249
3;2;25;2;7;1;1;6;4,5;5,5;3;20;1;4,85714292526245
2;2;0;1;4;1;2;2;6,5;5,5;3;39;0;6,7142858505249
2;2;0;2;8;1;1;7;3;4;2;41;1;7
3;2;1;1;8;1;2;6;2;4;3;53;1;6
3;1;52;1;7;1;4;5;5,5;6;3;53;1;5,85714292526245
3;2;10;1;6;1;2;6;4;4;3;39; ;5,2857141494751
3;2;9;2;6;1;1;4;4,5;4,5;2;54; ;4
4;2;0;2;8;1;2;3;3;5;3;28;1;6,2857141494751
3;2;30;1;7;1;2;6;4;3,5;2;43;0;6,57142877578735
3;2;90;2;5;1;1;5;4;6;3;43;1;6,7142858505249
3;2;0;2;6;1;1;6;4;4;1;53; ;6,57142877578735
2;1;12;1;4;1;2;6;5;4,5;3;40;0;6,7142858505249
4;2;0;2;8;1;3;3;5;5;2;41; ;5,2857141494751
3;2;2;1;7;1;6;1;4;3,5;2;49;0;5,85714292526245
3;2;10;1;3;1;2;5;6;3,5;3;31;0;6
3;1;0;2;8;1;1;7;4;3;2;30;0;7
3;2;80;1;9;1;5;5;5,5;6;1;53;1;5,85714292526245
2;2;0;2;6;1;2;5;5;4,5;1;41;0;6,57142877578735
3;2;6;1;6;1;5;1;6;5,5;2;28;0;6
3;2;9;1;6;1;1;6;4;4,5;3;33;1;6,85714292526245
3;2;10;2;6;1;1;4;4;3,5;1;46;0;6,85714292526245
3;2;0;2;8;1;1;4;6;6,5;2;30;1;7
3;2;3;2;8;1;5;4;4;3;3;42;0;3,85714292526245
3;2;30;1;6;1;3;3;4;4;2;51; ;4
3;2;0;1;4;1;2;5;4;5;2;28;1;7
2;2;0;2;11;1;1;7;7;7;2;44; ;6,2857141494751
3;2;0;1;6;1;1;5;4;4;1;47; ;5,2857141494751
3;2;1;2;6;1;1;4;4;3,5;2;52;0;6,14285707473755
3;2;15;2;6;1;2;7;4;5;2;33;1;6,14285707473755
3;2;0;1;5;1;3;4;4;3,5;3;40;0;5,57142877578735
3;2;29;2;6;1;5;3;3,5;2,5;3;28;0;5,42857122421265
3;1;29;2;8;1;4;4;4;4;3;52; ;5,7142858505249
3;2;57;2;6;1;4;2;5,5;4,5;3;38;0;4,57142877578735
3;2;1;1;4;1;2;7;3,5;4;3;42;1;6,42857122421265
3;1;0;1;9;1;3;3;5;4,5;1;40;0;5,85714292526245
3;2;72;2;8;1;2;4;3,5;3,5;3;42; ;3,57142853736877
3;2;100;1;6;1;7;1;7;7;1;43; ;7
3;2;0;1;6;1;3;5;5,5;4,5;3;47;0;4,2857141494751
3;2;20;2;9;1;3;3;4,5;3,5;2;49;0;5,57142877578735
3;2;0;1;6;1;2;5;5,5;5;3;41;0;7
3;2;0;2;6;1;6;1;6,5;7;1;46;1;5,57142877578735
3;2;0;2;7;1;5;3;4,5;6;3;53;1;5,2857141494751
3;2;0;2;3;1;1;7;4,5;4,5;3;60; ;5,42857122421265
3;2;0;2;3;1;4;4;4,5;5;2;48;1;4,14285707473755
3;1;72;2;8;1;3;6;4,5;4;3;35;0;5
3;2;0;2;8;1;1;6;5,5;4;3;40;0;7
3;2;0;1;3;1;4;4;5;5;1;39; ;6,2857141494751
4;2;11;2;5;1;4;4;1,5;1;3;44;0;3,85714292526245
3;2;8;2;6;1;3;5;4,5;4;2;40;0;5
3;1;15;2;9;1;2;6;4,5;5;2;42;1;7
2;1;0;2;2;1;1;7;6,5;4,5;2;52;0;6,2857141494751
3;2;10;2;4;1;2;5;3,5;5;2;47;1;6,42857122421265
2;2;18;2;8;1;1;5;5;6,5;2;46;1;5,57142877578735
3;2;50;2;6;1;1;7;7;7;1;32; ;3,14285707473755
3;2;8;2;5;1;4;3;4;4,5;3;55;1;2,57142853736877
3;2;12;2;3;1;1;3;4;4;1;43; ;6,57142877578735
3;2;81;2;4;1;1;7;3,5;2,5;3; ;0;6,85714292526245
2;1;19;2;5;1;1;6;4;4;3;43; ;7
3;2;10;2;3;1;1;7;7;7;2;37; ;6,57142877578735
3;2;52;2;8;1;1;6;1,5;1,5;2;34; ;5,7142858505249
4;1;0;2;9;1;1;7;2,5;1;1;37;0;7
3;2;0;2;8;1;1;5;5;5;1;42; ;7
3;2;30;2;6;1;2;6;3,5;2;3;34;0;6,85714292526245
3;2;0;2;6;1;1;4;5,5;4;1;28;0;6,57142877578735
3;2;51;2;8;1;4;5;5;5;2;40; ;4,85714292526245
3;1;1;2;4;1;1;5;4,5;5;2;45;1;6
3;2;0;2;8;1;1;7;5;4;3;39;0;6,57142877578735
4;2;52;2;6;1;3;5;5;3,5;2;39;0;3,85714292526245
3;2;0;2;9;1;2;5;3;3;3;45; ;7
3;2;0;2;5;1;1;4;4;5;2;41;1;4,2857141494751
3;2;1;2;10;1;1;3;7;5;2;44;0;5,57142877578735
4;3;0;2;1;1;1;1;1;1;3;40; ;1
3;2;11;2;6;1;1;5;3,5;3;2;39;0;6,57142877578735
3;2;1;1;8;1;4;1;4,5;5,5;2;55;1;7
3;2;100;1;6;1;1;4;2;2;1;54; ;7
3;2;2;2;5;1;3;5;3,5;4,5;3;25;1;4,14285707473755
2;2;0;2;5;1;1;7;5;4,5;3;24;0;6,7142858505249
2;2;67;1;9;1;1;5;3,5;3;2;31;0;3,42857146263123
3;2;1;1;6;1;2;6;5;5;2;51; ;6,14285707473755
3;2;10;1;7;1;1;7;6,5;3,5;1;35;0;6,85714292526245
3;2;100;1;3;1;2;5;5;5;3;25; ;6,85714292526245
3;2;38;1;4;1;2;6;5;4;3;26;0;6
2;1;100;1;5;1;1;5;5;3;3;21;0;6,57142877578735
3;2;35;2;6;1;1;1;5,5;6,5;2;42;1;1,71428573131561
3;2;0;1;2;1;3;5;4,5;4,5;3;29; ;7
3;2;30;1;4;1;3;3;5,5;5,5;2;20; ;6,57142877578735
3;1;20;1;6;1;1;7;4,5;4,5;2;50; ;7
2;1;100;1;4;1;2;7;4,5;4,5;3;62; ;6,57142877578735
3;2;100;1;6;1;2;5;5;5;2;36; ;6,7142858505249
3;2;0;2;3;1;5;6;3,5;4,5;1;46;1;4,7142858505249
3;2;0;1;4;1;2;5;3,5;5,5;2;20;1;6,14285707473755
3;2;0;1;5;1;4;3;5,5;4;3;29;0;6
3;2;100;1;7;1;1;3;5,5;5,5;3;22; ;6,14285707473755
3;2;69;2;4;1;3;4;3,5;4;3;51;1;5
3;2;19;1;5;1;4;5;7;7;3;56; ;7
3;2;0;1;8;1;2;4;4;3,5;2;36;0;5,14285707473755
3;2;0;1;2;1;1;7;1,5;1;1;58;0;6,14285707473755
3;2;0;2;6;1;1;3;3,5;3,5;2;65; ;6,7142858505249
3;2;50;1;4;1;3;3;6;4;3;26;0;5,85714292526245
3;2;2;2;4;1;2;4;5;3,5;2;64;0;6,85714292526245
3;2;71;1;4;1;2;5;3,5;4,5;2;23;1;7
3;2;25;1;8;1;2;6;4,5;4;3;44;0;6,57142877578735
3;2;0;2;8;1;3;5;4;3,5;2;25;0;6,57142877578735
3;2;1;2;10;2;1;5;5;3,5;3;58;0;4,57142877578735
3;2;100;2;11;2;4;1;7;7;2;43; ;2
3;2;1;2;7;2;1;7;4,5;3,5;2;65;0;6,7142858505249
3;2;0;1;9;2;4;4;6;6,5;2;39;1;5,85714292526245
3;2;1;1;8;2;3;4;5,5;4,5;3;53;0;5,7142858505249
3;2;0;2;8;2;5;2;4,5;5;2;46;1;6,14285707473755
3;2;1;1;4;2;1;7;7;5,5;2;60;0;7
3;2;0;2;5;2;1;7;3,5;1,5;3;63;0;5,2857141494751
3;2;82;2;6;2;4;4;7;7;1;36; ;4,7142858505249
4;2;18;2;6;2;4;5;3;5;3;53;1;3,71428561210632
3;2;100;1;6;2;1;1;1;1;1;98; ;1
3;2;1;2;6;2;4;4;4;3;2;36;0;4,14285707473755
3;2;27;1;6;2;5;5;4;4,5;2;28;1;4,7142858505249
3;2;67;1;6;2;2;5;5,5;5;2;38;0;6
3;2;0;2;9;2;3;5;5;6,5;3;64;1;5,42857122421265
3;2;100;1;6;2;1;7;7;6;2;58;0;6,85714292526245
3;2;1;1;9;2;2;4;6;6;2;34; ;7
3;2;13;2;9;2;4;4;4;4;2;64; ;4
3;2;2;1;11;2;3;5;6,5;5,5;2;52;0;4,7142858505249
4;2;10;1;9;2;4;4;5;4,5;3;44;0;4,7142858505249
3;2;0;2;7;2;1;7;5,5;5;3;50;0;5,14285707473755
3;2;0;2;1;2;1;7;5,5;2,5;2;66;0;6,85714292526245
2;2;1;1;6;2;1;3;6;6;2;22; ;2,71428561210632
2;2;83;2;6;2;6;7;6,5;6,5;3;39; ;4,7142858505249
3;2;0;1;4;2;2;4;4;3;2;55;0;3,28571438789368
3;2;9;1;2;2;1;7;7;7;2;65; ;7
3;2;2;1;4;2;2;5;5,5;3;3;66;0;5,2857141494751
3;2;81;2;8;2;2;6;4;3;2;56;0;6
3;2;8;1;11;2;2;7;4,5;1,5;3;58;0;5,57142877578735
3;2;83;1;6;2;2;5;3;3,5;3;56;1;5,85714292526245
3;2;0;1;3;2;7;1;7;5;2;62;0;3
3;2;57;2;6;2;3;5;4;2,5;2;57;0;6,2857141494751
3;2;15;2;6;2;2;4;4,5;5;2;64;1;5,85714292526245
3;2;1;1;8;2;4;4;4,5;3,5;2;45;0;6,7142858505249
3;2;1;1;11;2;1;7;4;1;2;57;0;6,14285707473755
3;2;0;2;3;2;7;4;4;4;2;62; ;6,7142858505249
3;2;42;1;1;2;1;5;4,5;3,5;1;54;0;7
3;2;15;1;10;2;7;6;6;5;2;64;0;6,2857141494751
3;2;0;2;6;2;1;7;6,5;4,5;3;63;0;6,42857122421265
3;2;87;1;6;2;4;4;4,5;5;2;30;1;4,14285707473755
3;2;25;2;6;2;1;7;5,5;5;3;38;0;7
3;2;2;1;10;2;1;7;4;5,5;1;60;1;7
3;2;5;2;10;2;3;4;3,5;4,5;3;33;1;6,57142877578735
3;2;82;1;9;2;1;7;7;5,5;3;65;0;6,42857122421265
3;2;1;1;3;2;2;5;6,5;4,5;2;66;0;6,57142877578735
3;2;37;1;6;2;3;4;4,5;3;3;34;0;6
4;3;100;1;6;2;5;4;3;3,5;2;31;1;4
3;2;0;1;8;2;6;1;7;6,5;2;64;0;6,42857122421265
3;1;30;1;6;2;3;5;4;2,5;3;65;0;6,7142858505249
3;2;5;1;6;2;1;5;6;4;2;54;0;6,85714292526245
3;2;0;2;6;2;2;7;7;7;2;65; ;7
3;2;0;2;5;2;1;7;4,5;4,5;3;60; ;7
3;2;1;1;7;2;1;4;4;1,5;2;66;0;5,85714292526245
3;2;66;2;3;2;5;4;6;6,5;2;28;1;5,7142858505249
3;2;0;3;1;2;7;1;4,5;4,5;1;26; ;6
3;2;12;2;1;2;5;6;4,5;5,5;2;55;1;4
3;2;2;2;1;2;1;7;2,5;2,5;3;62; ;6,85714292526245
3;2;0;2;5;2;1;7;7;7;2;59; ;7
3;2;0;1;6;2;1;6;4,5;3,5;1;62;0;6,85714292526245
3;2;19;1;8;2;6;6;4;2;1;64;0;7
3;2;30;2;1;2;2;6;4,5;4,5;2;30; ;5,14285707473755
3;2;80;1;11;2;6;6;5;4;2;62;0;6,42857122421265
3;2;0;2;11;2;1;7;5;5;2;64; ;7
3;2;0;1;3;2;1;7;5,5;3,5;2;56;0;6,7142858505249
3;2;50;1;9;2;1;5;2;1,5;2;61;0;7
3;2;40;1;11;2;1;7;5;5;2;65; ;7
3;2;0;1;1;2;1;7;6;3,5;2;52;0;7
3;2;100;2;6;2;2;6;6,5;5;2;66;0;7
3;2;10;1;6;2;3;6;5,5;5,5;2;59; ;6,7142858505249
3;2;100;2;8;2;2;6;4,5;3;2;63;0;6,7142858505249
3;2;0;1;1;2;3;6;3;4,5;2;60;1;7
3;2;0;2;7;2;1;7;5;4,5;2;63;0;6,57142877578735
3;2;1;1;4;2;2;6;3;3;2;64; ;6,7142858505249
3;2;1;1;1;2;1;7;5,5;5;1;57;0;6,85714292526245
3;2;11;1;11;2;4;3;5,5;5,5;2;62; ;5,2857141494751
3;2;0;1;6;2;4;4;3,5;3,5;1;64; ;7
3;2;0;1;8;2;1;7;5;3;3;66;0;6,14285707473755
1;1;60;2;6;2;1;7;5;1;3;43;0;6,14285707473755
3;2;0;1;11;2;1;5;5;3,5;2;58;0;6,7142858505249
4;2;3;1;2;2;1;1;1;1;3;30; ;1
3;2;0;2;1;2;1;7;6,5;6,5;2;64; ;6,14285707473755
3;2;2;2;1;2;7;7;7;7;3;38; ;1,14285719394684
2;2;1;2;11;2;2;6;4,5;4,5;3;64; ;6,2857141494751
3;2;40;2;6;2;2;5;5;4;2;59;0;5,85714292526245
3;2;0;1;10;2;4;5;5,5;2,5;2;55;0;6,14285707473755
3;2;9;2;6;2;3;5;5;4,5;3;65;0;6,57142877578735
3;2;28;1;11;2;4;4;5;5;2;62; ;5,57142877578735
3;2;60;1;6;2;6;5;5;4,5;3;21;0;5,2857141494751
3;2;0;1;8;2;7;1;7;7;2;50; ;7
3;2;81;1;6;2;3;6;4,5;3;2;59;0;7
2;1;54;1;6;2;7;4;4;4;3;21; ;4,2857141494751
2;2;47;2;4;2;1;1;2;3,5;1;21;1;3,28571438789368
3;2;4;1;6;2;4;4;3,5;3;3;52;0;3,14285707473755
3;2;100;1;9;2;1;7;1;1;2;43; ;7
4;2;11;2;5;2;4;3;5;6;2;32;1;5,2857141494751
3;2;30;1;3;2;4;3;6,5;3,5;1;62;0;6,85714292526245
3;2;41;2;4;2;1;6;4;3;1;47;0;6,57142877578735
4;2;1;1;1;2;1;7;4,5;5,5;3;51;1;7
4;2;8;2;6;2;4;4;4;4;2;101; ;3,85714292526245
3;2;13;1;3;2;5;1;2,5;3;2;56;1;3,85714292526245
3;2;10;2;9;2;4;4;7;6;2;50;0;6,2857141494751
3;2;100;1;6;2;4;4;7;7;2;58; ;6,42857122421265
3;2;1;1;6;2;4;5;7;5;1;59;0;7
2;2;0;1;8;2;7;1;7;7;1;58; ;5,2857141494751
3;2;27;1;6;2;1;7;4;4;2;38; ;6,85714292526245
3;2;1;1;4;2;1;7;6;3;2;66;0;7
3;2;7;1;6;2;2;6;5;3,5;2;66;0;5,7142858505249
3;2;91;1;5;2;3;3;4;4,5;2;37;1;4,7142858505249
4;3;2;3;1;2;1;1;1;1;1;15; ;1
3;2;2;1;8;2;3;4;5,5;4,5;2;64;0;5,42857122421265
3;2;37;1;5;2;3;4;4,5;4,5;2;42; ;4,7142858505249
3;2;4;1;11;2;3;6;5,5;5;2;27;0;4,7142858505249
3;2;49;2;6;2;4;4;4;4;2;30; ;4
2;2;9;1;6;2;3;4;3,5;4;1;41;1;5,7142858505249
3;2;100;1;1;2;1;7;4,5;1,5;2;48;0;6
4;2;0;1;8;2;2;6;7;5;2;64;0;7
3;2;50;1;6;2;4;3;6,5;6;1;40;0;5,14285707473755
3;2;0;2;2;2;1;7;6;5,5;2;32;0;6,7142858505249
3;2;19;2;11;2;5;5;4;5;3;37;1;6,2857141494751
3;2;20;1;9;2;2;6;4,5;2,5;3;54;0;5,85714292526245
3;2;9;1;11;2;3;5;6;4,5;1;66;0;5,85714292526245
3;2;50;1;11;2;1;7;7;7;2;61; ;7
3;2;4;1;5;2;2;6;7;7;1;22; ;6,85714292526245
3;2;47;1;9;2;5;4;7;7;2;28; ;6,57142877578735
3;2;10;1;7;2;1;7;4,5;4,5;3;65; ;7
3;2;19;2;4;2;5;3;6;6;3;46; ;6
1;2;20;2;3;2;3;2;2;2;2;23; ;2,85714292526245
4;3;57;1;11;2;7;7;7;7;1;33; ;6,42857122421265
4;2;0;2;6;2;2;2;4;4;2;44; ;4
3;2;0;2;6;2;4;4;4;4;2;43; ;4
3;2;100;1;1;2;7;1;6;3;2;29;0;6,7142858505249
3;2;9;2;11;2;5;2;7;7;3;50; ;3,85714292526245
4;2;50;1;5;2;3;3;3;3,5;3;37;1;3,28571438789368
4;3;53;1;1;2;1;1;1;1;1;38; ;1
4;3;0;1;1;2;1;1;1,5;1;1;20;0;1,14285719394684
3;2;20;1;2;2;3;3;3,5;5;2;58;1;5,14285707473755
3;2;30;1;4;2;1;7;3,5;2;3;47;0;6,57142877578735
3;2;1;1;6;2;1;5;4;4;2;50; ;4
3;2;48;1;11;2;3;3;3,5;3,5;3;47; ;3,71428561210632
3;2;34;1;6;2;1;7;5,5;6;2;64;1;6,57142877578735
3;2;1;1;10;2;1;6;3;3;2;75; ;4,42857122421265
3;2;21;1;6;2;4;4;5;3,5;3;56;0;7
3;2;7;2;1;2;1;1;1;1;3;19; ;1
3;2;19;2;6;2;4;3;4;3;2;51;0;4,14285707473755
3;2;1;1;10;2;3;5;4;4;2;49; ;6,85714292526245
3;2;90;1;4;2;4;4;3;3;2;63; ;6,85714292526245
3;2;1;1;6;2;2;7;3,5;2;2;62;0;6,57142877578735
3;2;74;1;7;2;4;7;5,5;4,5;1;61;0;6,57142877578735
3;1;68;1;6;2;5;5;4,5;3,5;1;20;0;4,14285707473755
3;2;0;1;6;2;7;2;6;3,5;2;25;0;6
3;2;1;2;4;2;4;5;7;3,5;3;53;0;5,2857141494751
3;2;31;2;9;2;1;5;7;7;3;47; ;7
3;2;16;2;5;2;1;4;5;5;2;25; ;5,7142858505249
3;1;3;1;1;2;3;5;7;7;3;31; ;6,7142858505249
3;2;55;1;3;2;1;7;7;5;1;32;0;6,85714292526245
3;2;0;1;5;2;1;7;6;4,5;2;49;0;6,85714292526245
3;2;0;1;6;2;3;7;4,5;6,5;2;35;1;6,85714292526245
3;2;22;1;11;2;2;5;7;7;2;56; ;6,14285707473755
2;2;100;1;8;2;1;7;5,5;4;2;62;0;6,7142858505249
3;2;50;1;6;2;4;4;4;4;2;55; ;4
3;2;0;2;5;2;4;2;5,5;4;3;43;0;6,2857141494751
3;2;0;1;6;2;1;7;5;7;2;64;1;6,57142877578735
3;2;82;1;1;2;1;7;7;7;3;67; ;6,7142858505249
3;1;82;1;10;2;2;4;6;5,5;2;62;0;5,57142877578735
3;2;3;1;6;2;3;5;5,5;2,5;2;64;0;6,14285707473755
3;2;0;1;1;2;7;1;4;7;2;49;1;2,71428561210632
3;2;0;1;2;2;1;5;7;7;3;30; ;6,85714292526245
4;2;4;1;6;2;1;2;5;4;1;65;0;7
3;2;100;1;1;2;1;1;1;1;1;27; ;1
3;2;10;1;4;2;1;6;5;3;2;61;0;4
3;2;0;1;1;2;1;5;6;3;2;51;0;6,7142858505249
3;2;60;2;6;2;5;4;5,5;5,5;3;25; ;5,2857141494751
3;2;60;1;11;2;1;7;7;7;2;60; ;7
3;2;100;1;11;2;4;3;5,5;7;2;64;1;6,57142877578735
4;1;0;2;5;2;2;5;4,5;4,5;3;36; ;5,85714292526245
3;2;0;1;11;2;1;4;4,5;4;2;56;0;6,14285707473755
3;2;1;1;4;2;3;3;3;3,5;1;63;1;3,28571438789368
3;2;0;1;10;2;2;6;3;3;3;66; ;7
3;2;89;2;10;2;1;7;7;6,5;3;54;0;6,57142877578735
3;2;1;1;11;2;7;1;7;7;3;66; ;5,57142877578735
3;2;0;1;9;2;5;4;6,5;6,5;3;50; ;6
3;2;61;1;6;2;3;4;4;4;2;35; ;5,57142877578735
3;2;0;1;2;2;4;4;5;3,5;2;59;0;4,85714292526245
3;2;5;1;6;2;3;5;4,5;4,5;2;66; ;6,7142858505249
3;2;0;2;4;2;1;7;7;5,5;2;37;0;6,57142877578735
3;2;1;1;6;2;4;4;4;4;2;41; ;5,7142858505249
3;2;22;1;6;2;3;5;4;3,5;1;66;0;6,85714292526245
3;2;81;2;5;2;2;5;5,5;4,5;2;53;0;5,57142877578735
3;2;1;1;6;2;6;1;2;2;2;61; ;1,85714280605316
3;2;4;2;5;2;1;6;6;5;3;55;0;6,14285707473755
3;2;0;1;6;2;2;6;4,5;4,5;2;61; ;7
3;2;4;2;11;2;4;3;4;5;2;15;1;4,42857122421265
2;2;100;1;1;2;1;7;6;6,5;1;63;1;5,7142858505249
4;2;1;1;9;2;3;4;4,5;4,5;3;34; ;5
4;2;100;1;10;2;2;7;4,5;5;3;30;1;6
3;2;100;1;6;2;2;4;5;5;2;20; ;6,57142877578735
3;2;3;1;6;2;3;6;4;4;2;50; ;7
3;2;100;1;6;2;3;5;5;4;2;59;0;4,7142858505249
3;2;41;1;11;2;1;7;6,5;7;1;59;1;6,57142877578735
3;1;100;1;6;2;1;5;2;1;2;63;0;7
4;3;0;2;6;2;4;4;4;4;1;29; ;4
3;2;60;1;6;2;2;6;4,5;3,5;2;62;0;6,42857122421265
3;2;1;2;8;2;5;3;5;5;2;44; ;3,85714292526245
3;1;79;2;10;2;7;6;7;6;2;30;0;6,7142858505249
3;2;50;1;6;2;3;3;4,5;3;2;45;0;4,42857122421265
3;2;100;1;6;2;4;3;5;3,5;2;62;0;6,14285707473755
3;2;9;2;6;2;3;5;6,5;4,5;2;48;0;2,71428561210632
3;1;72;1;10;2;6;1;7;5,5;2;59;0;6
3;2;0;1;6;2;3;4;4;4;2;73; ;4,14285707473755
3;2;50;1;7;2;1;7;5;2;2;63;0;6,85714292526245
3;2;4;1;1;2;1;7;6;6;2;22; ;7
3;2;50;2;3;2;2;5;7;6;2;54;0;6,7142858505249
3;2;0;1;6;2;1;5;4;4;2;61; ;7
3;2;0;1;4;2;3;3;6;4;2;64;0;5,57142877578735
3;2;20;1;6;2;1;5;5,5;4;3;57;0;6,2857141494751
3;1;50;2;10;2;7;1;5,5;1;1;25;0;7
3;2;42;1;6;2;4;4;4;3,5;2;58;0;6,14285707473755
3;2;0;1;4;2;1;7;6;6;1;63; ;6,85714292526245
3;2;0;1;8;2;1;7;6;5,5;3;59;0;6,2857141494751
4;3;66;1;10;2;6;5;6;5,5;3;46;0;5,57142877578735
3;2;32;1;9;2;3;3;4,5;7;1;64;1;7
3;2;1;1;8;2;2;7;3,5;3;3;62;0;6,57142877578735
3;2;2;1;6;2;4;4;4;4;2;31; ;7
3;2;33;1;4;2;3;5;6;6;2;39; ;5,7142858505249
4;2;91;1;11;2;1;7;6,5;4;2;62;0;7
3;2;31;1;6;2;3;5;3;5,5;2;63;1;7
3;2;6;1;11;2;2;6;3;3;1;59; ;6
3;2;80;1;9;2;5;5;4,5;4;1;165;0;3,85714292526245
3;2;44;1;1;2;1;7;4;2,5;3;66;0;6,42857122421265
3;2;10;1;1;2;1;7;4,5;4,5;2;53; ;5,57142877578735
3;2;5;2;4;2;2;6;6;6,5;2;54;1;6,57142877578735
3;2;100;1;1;2;1;7;3,5;2;3;64;0;7
3;2;0;1;6;2;4;2;7;6,5;3;25;0;6,85714292526245
3;2;0;1;6;2;2;6;5,5;4;2;63;0;5,85714292526245
3;2;1;1;5;2;2;3;5;4,5;3;21;0;5,85714292526245
3;2;0;1;6;2;3;3;1;1;1;58; ;6,14285707473755
3;2;0;1;9;2;1;4;5,5;3,5;2;60;0;6,57142877578735
3;2;100;1;8;2;5;5;6;6,5;2;39;1;5,42857122421265
3;2;0;1;11;2;1;6;6;7;2;57;1;6,7142858505249
3;2;100;1;7;2;1;6;5;3,5;2;53;0;5,2857141494751
3;2;22;2;9;2;1;7;5,5;5;3;42;0;6,7142858505249
2;2;6;1;1;2;1;7;5;6;1;61;1;7
4;2;4;3;1;2;1;1;1;1;3;21; ;1
3;2;0;1;9;2;1;1;6,5;6;2;65;0;7
3;2;100;1;6;2;1;1;7;7;2;53; ;6,2857141494751
3;2;60;1;9;2;6;2;5,5;6;2;1963;1;5,42857122421265
3;2;1;1;5;2;6;3;5,5;5,5;2;64; ;7
4;2;40;2;6;2;5;3;3;3,5;2;49;1;3,57142853736877
3;2;0;1;6;2;3;4;4;4;3;48; ;4,57142877578735
3;2;100;1;6;2;1;3;4,5;3;1;59;0;6,14285707473755
3;2;70;1;2;2;1;7;7;6,5;3;60;0;7
3;2;0;1;6;2;1;7;4;4;2;49; ;5,85714292526245
3;2;4;1;5;2;2;2;6,5;5,5;1;58;0;7
3;2;1;1;11;2;5;2;6;5;1;64;0;2,28571438789368
2;2;24;1;3;2;1;7;5;5;3;61; ;6,85714292526245
3;2;0;1;6;2;1;7;7;7;3;57; ;7
3;2;0;1;10;2;1;5;6;5;1;65;0;7
3;2;0;1;6;2;2;3;3,5;3;1;17;0;5,2857141494751
3;2;1;1;6;2;5;6;5;3,5;2;65;0;7
3;2;62;1;6;2;1;4;5,5;5,5;1;49; ;4,42857122421265
4;2;0;1;6;2;1;4;2,5;4;2;58;1;4,85714292526245
3;2;10;1;11;2;1;7;4;4;2;61; ;6,14285707473755
3;2;0;1;11;2;1;4;5,5;3,5;3;63;0;5,85714292526245
3;2;10;1;9;2;2;5;6;5;3;60;0;7
3;2;100;1;6;2;3;7;5,5;5,5;2;44; ;6,7142858505249
3;2;0;1;11;2;4;4;4,5;6;3;55;1;7
3;2;0;1;3;2;1;6;5,5;6,5;2;38;1;4,85714292526245
3;2;0;1;2;2;1;7;7;4,5;3;64;0;7
3;1;88;1;3;2;2;3;5,5;2;2;25;0;6,42857122421265
3;2;30;1;8;2;2;2;6;5;2;36;0;5
3;2;0;1;9;2;1;7;4;4,5;2;66;1;6,85714292526245
3;3;71;1;11;2;2;5;4,5;3,5;2;58;0;7
3;2;0;1;2;2;3;4;7;7;2;50; ;6
4;3;2;3;1;2;1;1;1;1,5;1;11;1;1
3;2;100;1;6;2;1;1;7;7;2;36; ;5,14285707473755
3;2;30;1;3;2;1;5;6;4;2;35;0;6,7142858505249
3;2;45;2;6;2;5;4;5;5,5;2;50;1;5,2857141494751
3;2;100;1;6;2;3;5;4;4;2;47; ;7
3;2;3;1;11;2;6;4;7;6,5;1;47;0;7
3;2;10;1;6;2;2;4;7;4,5;2;58;0;6,42857122421265
4;3;51;1;1;2;1;1;1;1;1;14; ;1
3;2;2;1;6;2;4;5;6;5,5;1;50;0;7
3;2;84;2;8;2;5;6;6;6;2;44; ;6
3;2;40;1;6;2;3;2;6;6,5;2;20;1;5,42857122421265
3;2;5;1;11;2;1;7;4,5;2;2;65;0;6,42857122421265
4;2;71;1;6;2;2;3;3,5;2,5;2;56;0;5,85714292526245
3;2;0;1;6;2;2;5;6;4,5;1;66;0;7
3;2;100;1;1;2;1;6;6;7;2;23;1;6,2857141494751
2;2;0;1;4;2;1;7;5,5;4;3;59;0;7
3;2;70;1;7;2;3;3;3;3;2;45; ;3
3;2;100;1;6;2;1;7;6,5;6,5;2;23; ;7
3;2;4;1;6;2;3;5;6;5;2;56;0;6,2857141494751
3;2;30;2;1;2;7;7;5,5;5,5;2;28; ;7
4;3;0;2;6;2;1;1;7;7;1;17; ;1
3;2;50;2;6;2;4;4;4;4;1;20; ;4
3;2;9;2;4;2;3;3;4,5;4;3;33;0;5,14285707473755
3;2;0;1;6;2;4;4;4;4;2;35; ;4
4;3;91;1;6;2;1;1;1;1;3;39; ;3
3;2;1;1;6;2;2;4;3,5;4,5;2;61;1;6,85714292526245
3;2;2;1;10;2;3;5;5,5;5;1;35;0;6,85714292526245
3;2;100;1;6;2;4;4;7;5,5;1;41;0;3,14285707473755
3;2;91;1;6;2;3;6;4,5;4;2;37;0;4,85714292526245
3;2;10;1;6;2;1;7;4,5;4;3;41;0;5,42857122421265
3;2;25;1;6;2;1;4;5,5;2;1;55;0;7
3;2;52;1;5;2;3;3;4;4;1;40; ;4
2;1;100;1;11;2;7;7;7;7;3;38; ;7
4;2;51;1;4;2;3;3;4;4;2;42; ;4
3;2;0;2;7;2;1;5;5,5;4;2;49;0;6,2857141494751
4;2;0;1;6;2;4;4;4;4;1;35; ;4
3;2;0;1;7;2;2;5;3;2;2;45;0;4,2857141494751
3;2;0;2;6;2;1;7;4,5;2,5;3;52;0;5,42857122421265
3;2;100;2;6;2;3;5;4;4;2;50; ;6,2857141494751
4;3;45;2;6;2;4;4;4;4;3;43; ;4,14285707473755
3;2;50;1;8;2;1;7;6;5;2;62;0;6,2857141494751
3;2;98;1;7;2;4;5;4;5;2;44;1;6,57142877578735
3;2;4;2;4;2;2;2;4;4;2;53; ;2,85714292526245
3;2;1;1;10;2;4;4;5;4,5;2;64;0;6,7142858505249
3;2;27;1;8;2;5;2;4;5;2;28;1;4,14285707473755
3;2;2;1;6;2;1;7;6;5;1;44;0;6,57142877578735
3;2;50;2;6;2;1;7;5,5;5;3;24;0;6,42857122421265
3;2;80;2;9;2;2;5;5;3;3;47;0;6,57142877578735
3;2;100;2;1;2;1;7;5;4,5;2;47;0;6,7142858505249
3;2;100;2;6;2;1;5;5;5;2;52; ;3,71428561210632
3;2;0;1;6;2;2;6;4;3,5;2;43;0;7
3;2;19;2;11;2;1;7;5,5;4,5;1;22;0;7
3;2;0;1;4;2;2;4;6,5;3;3;61;0;4,85714292526245
3;2;3;1;1;2;1;7;4;5,5;2;39;1;6,85714292526245
3;2;2;1;6;2;3;2;6,5;6;1;64;0;6,7142858505249
4;2;21;1;6;2;4;3;3,5;3,5;3;33; ;3,42857146263123
3;2;16;1;5;2;3;5;5;5;1;51; ;5,14285707473755
3;2;14;1;2;2;2;5;5,5;6;2;44;1;6
3;2;0;2;6;2;2;4;5,5;7;3;53;1;6,42857122421265
3;2;0;1;11;2;3;6;5,5;5;1;60;0;7
3;2;100;1;5;2;3;2;4;4,5;2;33;1;6,2857141494751
3;2;39;1;6;2;4;5;4,5;4,5;1;45; ;5,2857141494751
3;2;0;1;1;2;1;7;4,5;2,5;3;42;0;7
3;2;0;1;9;2;1;2;5;5;2;41; ;5,2857141494751
3;2;72;2;11;2;1;7;6;6,5;3;44;1;6,57142877578735
4;1;100;1;1;2;1;7;4;4;2;42; ;7
3;2;44; ; ;2;2;5;5,5;5; ; ;0;4,7142858505249
3;1;44; ; ;2;3;4;4;4,5; ; ;1;5
3;2;2;1;6;3;3;4;4;4;1;1995; ;4,14285707473755
3;2;4;1;5;3;6;5;5;6;3;34;1;6,57142877578735
3;2;0;1;8;3;3;5;4,5;3,5;3;45;0;6,42857122421265
2;1;1;1;8;3;1;6;4,5;2,5;1;62;0;7
3;2;0;2;5;3;3;4;2,5;2;3;62;0;5,2857141494751
3;2;0;2;6;3;2;7;5;5,5;1;38;1;5,57142877578735
3;2;72;1;7;3;4;3;3;3,5;2;37;1;3,71428561210632
3;2;0;1;6;3;5;3;7;7;2;38; ;6,2857141494751
2;2;59;2;6;3;4;4;4;5,5;2;45;1;3,85714292526245
3;2;96;1;1;3;2;5;6;6;3;44; ;7
3;2;28;2;6;3;5;5;4;4;3;38; ;4,2857141494751
3;2;81;2;3;3;6;4;3,5;4,5;3;50;1;5,14285707473755
3;2;26;1;6;3;4;1;4;4;3;26; ;4
3;2;100;1;3;3;1;7;4;4;2;33; ;5,2857141494751
3;2;52;2;10;3;3;5;4;5;2;35;1;4,7142858505249
2;2;61;1;1;3;1;7;3;6,5;3;33;1;7
3;2;11;2;4;3;7;1;4,5;7;3;61;1;3
3;2;0;2;3;3;1;5;7;7;1;66; ;6,14285707473755
3;2;20;1;6;3;5;2;4;4;2;40; ;4
3;2;100;1;4;3;5;2;5;4,5;3;64;0;5,42857122421265
3;2;1;2;4;3;1;6;4,5;3;2;46;0;6,7142858505249
3;2;100;1;7;3;1;7;5;4;2;41;0;7
3;2;0;2;9;3;4;4;3,5;4;1;53;1;4
3;2;42;1;6;3;2;5;3;3;3;38; ;6,85714292526245
3;2;18;1;6;3;2;6;6,5;3;2;66;0;6,57142877578735
3;2;0;2;9;3;1;4;5,5;5,5;2;27; ;7
2;2;5;1;8;3;1;7;6;5,5;2;62;0;6,85714292526245
2;1;2;1;6;3;6;2;5,5;6;3;29;1;6,2857141494751
4;1;92;2;6;3;4;3;4;4,5;1;58;1;4,42857122421265
2;1;31;1;6;3;4;3;3,5;4,5;3;31;1;4,85714292526245
3;2;83;1;6;3;1;6;2;2;3;22; ;6
3;2;50;1;6;3;5;5;5,5;5;3;29;0;6,85714292526245
3;2;50;1;6;3;4;4;4;4;2;58; ;5,57142877578735
3;2;1;1;5;3;6;2;7;7;2;45; ;7
3;2;0;1;4;3;6;2;5,5;4,5;2;49;0;5,85714292526245
3;2;0;1;6;3;3;2;6;5,5;2;41;0;6,42857122421265
3;2;51;1;6;3;1;7;4,5;5;2;47;1;7
3;2;98;1;9;3;5;6;5,5;6,5;3;30;1;6,7142858505249
3;1;1;1;6;3;4;6;4;4;1;42; ;3,57142853736877
3;2;0;2;6;3;1;6;4;3;3;47;0;6,7142858505249
4;2;70;1;6;3;5;4;5;4,5;1;53;0;5,57142877578735
3;2;52;2;5;3;4;4;4;4;3;42; ;6,85714292526245
4;2;39;1;6;3;2;6;4,5;4;2;43;0;5,7142858505249
3;2;40;1;7;3;2;4;3,5;3;2;59;0;5,7142858505249
3;2;50;2;3;3;4;4;4;4;2;59; ;4
3;2;0;2;6;3;1;7;7;5,5;2;45;0;4,42857122421265
3;2;18;2;10;3;5;4;5,5;4;3;46;0;6,42857122421265
3;2;50;1;3;3;2;6;4,5;4;1;54;0;6,85714292526245
3;2;0;2;6;3;5;3;5,5;4,5;2;63;0;5
3;2;53;1;6;3;7;6;6;6,5;2;54;1;5,7142858505249
3;2;48;1;6;3;2;3;2,5;3,5;2;47;1;3,14285707473755
3;2;29;2;6;3;4;4;5;5;1;48; ;3,85714292526245
3;2;1;1;10;3;1;7;2,5;3,5;2;59;1;6,42857122421265
3;1;0;1;6;3;4;4;7;7;2;53; ;7
3;2;100;2;6;3;6;2;3,5;4,5;2;26;1;3,14285707473755
2;2;26;1;1;3;1;7;7;6,5;2;55;0;7
3;2;1;1;8;3;1;7;4,5;2,5;1;60;0;7
3;2;90;2;7;3;1;6;7;5;2;57;0;5,2857141494751
3;2;1;1;6;3;4;1;7;7;2;42; ;4,85714292526245
3;2;0;2;3;3;3;4;7;7;3;33; ;5
3;2;0;2;8;3;2;3;5;5;3;52; ;6,14285707473755
3;2;50;2;6;3;2;6;5,5;5;1;56;0;6,57142877578735
3;2;44;1;6;3;4;3;6;6;3;54; ;6,14285707473755
3;2;0;1;9;3;1;5;6,5;4,5;3;65;0;6,14285707473755
3;2;40;1;1;3;4;3;3,5;3,5;3;50; ;6
3;2;15;1;6;3;3;4;5;4,5;3;63;0;7
3;2;100;2;6;3;4;3;5;5;2;64; ;5,57142877578735
3;2;2;1;6;3;5;3;5;4,5;1;65;0;6,42857122421265
3;2;1;1;6;3;1;4;4;5;2;63;1;7
3;2;29;2;8;3;4;4;4;4;2;50; ;4,42857122421265
3;2;100;2;11;3;5;4;5,5;5;3;22;0;4,42857122421265
3;2;0;2;6;3;2;5;6;4;2;67;0;6,42857122421265
3;2;99;1;4;3;2;6;7;6,5;3;35;0;6,7142858505249
3;2;0;2;8;3;1;1;4,5;4,5;3;66; ;4,7142858505249
3;2;18;2;6;3;1;7;7;7;2;59; ;7
3;2;0;2;6;3;5;3;4;4;2;37; ;3,85714292526245
2;2;0;2;6;3;2;6;5,5;5;3;41;0;6,57142877578735
3;2;0;2;6;3;5;6;3,5;3,5;3;40; ;5,7142858505249
2;2;2;2;5;3;1;5;7;6;2;56;0;6,85714292526245
3;2;8;1;1;3;1;3;6,5;6,5;1;50; ;7
3;2;0;2;6;3;1;5;4,5;4;3;64;0;3,71428561210632
3;2;9;1;5;3;2;4;4,5;5;2;64;1;7
3;2;0;1;5;3;1;6;4;3,5;3;30;0;5
3;2;2;2;7;3;2;6;6,5;6,5;3;57; ;6
3;1;0;1;7;3;5;2;5,5;4;3;54;0;7
3;2;61;1;6;3;5;4;6,5;5,5;1;44;0;7
3;2;1;2;7;3;7;2;6,5;4,5;1;65;0;5,7142858505249
3;2;0;2;6;3;6;1;7;7;1;66; ;2,42857146263123
3;2;1;1;6;3;5;5;4,5;4;2;63;0;6,14285707473755
3;2;0;1;6;3;3;3;7;7;2;63; ;7
3;2;0;2;6;3;1;5;4,5;4;2;65;0;4,42857122421265
2;2;80;2;7;3;1;7;5;3,5;3;51;0;7
3;2;0;2;8;3;1;7;4;2,5;1;57;0;6,14285707473755
3;2;40;1;6;3;4;5;4,5;5;2;39;1;5
3;2;0;2;2;3;1;7;5;4;1;57;0;5
3;2;2;2;8;3;1;6;3,5;3;2;64;0;5,85714292526245
3;2;100;1;3;3;1;6;7;6,5;3;51;0;7
3;2;29;2;5;3;1;7;5,5;5,5;2;51; ;7
3;2;61;1;1;3;7;7;4;1,5;3;27;0;7
3;1;100;2;8;3;4;4;5,5;3;3;54;0;6
3;2;41;1;5;3;4;4;4,5;4;1;31;0;5,2857141494751
3;2;80;1;9;3;1;7;4;4,5;2;35;1;5,85714292526245
3;2;0;2;7;3;1;5;4,5;5;1;53;1;5,57142877578735
3;2;36;2;5;3;3;5;4,5;3;3;45;0;5,7142858505249
3;2;91;2;7;3;5;2;4;4;3;43; ;4,14285707473755
3;2;1;1;6;3;3;1;3,5;5,5;2;63;1;6,7142858505249
3;2;5;2;4;3;1;5;5;4,5;3;38;0;6,2857141494751
2;2;20;1;6;3;2;2;3;3;1;30; ;6,7142858505249
3;2;1;2;7;3;1;6;4,5;4;2;63;0;5,7142858505249
3;2;41;2;4;3;1;2;4,5;6,5;2;66;1;2,71428561210632
3;2;71;2;4;3;2;7;5,5;5,5;3;56; ;7
2;2;51;1;6;3;1;6;4;3,5;2;65;0;6,57142877578735
3;2;0;2;6;3;2;4;5;3,5;1;39;0;6,7142858505249
3;2;39;2;6;3;1;7;7;6;2;65;0;7
3;2;100;2;4;3;1;7;5;4;2;41;0;6,7142858505249
3;2;0;1;6;3;4;2;5,5;7;2;66;1;4,57142877578735
2;2;81;1;3;3;1;7;5;4;3;64;0;6,57142877578735
3;2;1;1;6;3;4;4;5;3,5;1;66;0;3,71428561210632
3;1;1;1;7;3;7;1;7;7;2;62; ;3,14285707473755
3;2;1;1;6;3;7;1;6,5;5,5;2;21;0;7
3;2;0;1;8;3;1;7;4,5;5;2;49;1;7
3;2;0;2;9;3;4;2;6,5;5,5;1;56;0;6,57142877578735
3;2;9;1;5;3;1;4;5,5;3;2;65;0;6,7142858505249
3;2;70;2;8;3;5;3;6;6,5;3;46;1;4,85714292526245
3;2;20;1;6;3;1;5;6;5,5;2;35;0;7
3;2;4;2;7;3;4;4;4;4;3;30; ;4
3;2;1;1;8;3;3;5;4,5;4,5;2;60; ;5,7142858505249
3;2;7;1;10;3;1;7;3;1,5;2;50;0;7
2;2;0;1;4;3;3;5;6,5;6;2;36;0;7
4;2;1;2;4;3;2;5;5,5;3,5;2;49;0;4,7142858505249
3;2;95;2;8;3;2;5;6;6;2;39; ;7
3;2;8;1;8;3;1;7;5,5;5;1;60;0;7
2;2;100;2;4;3;1;7;5;4;3;50;0;6,42857122421265
4;2;92;1;6;3;7;3;4,5;6;2;41;1;7
3;1;50;2;6;3;1;7;4,5;3,5;2;60;0;5,57142877578735
4;3;48;1;6;3;4;4;4;4;2;21; ;4
3;2;0;1;11;3;1;7;4;4;3;33; ;6,7142858505249
3;2;30;2;2;3;2;4;3;2;2;29;0;6,57142877578735
3;2;100;1;6;3;1;6;2;1,5;1;63;0;6,7142858505249
3;2;0;2;8;3;1;5;6;5;2;65;0;5,57142877578735
4;2;99;2;6;3;4;4;3;4,5;2;43;1;5,7142858505249
3;2;0;2;6;3;1;7;3;4;1;35;1;6,7142858505249
3;2;100;1;6;3;7;1;4;3,5;1;45;0;4
3;2;0;2;5;3;1;7;5;3,5;2;48;0;7
3;2;1;2;8;3;1;7;7;4;3;55;0;7
3;2;38;1;3;3;2;6;5,5;6,5;3;47;1;7
3;2;9;2;6;3;6;6;6;6;2;32; ;5,42857122421265
2;3;61;2;6;3;1;5;5,5;6;2;23;1;7
3;2;0;2;4;3;1;7;5,5;6;2;28;1;6,57142877578735
3;2;1;2;7;3;1;7;5;3;3;56;0;6,57142877578735
3;2;100;1;6;3;5;2;6;4;2;32;0;7
3;2;0;2;6;3;1;5;3,5;3,5;1;54; ;6,14285707473755
3;2;56;1;3;3;4;5;7;7;3;65; ;7
3;2;1;1;9;3;1;5;4,5;2,5;2;49;0;5,57142877578735
3;2;1;1;5;3;3;3;5,5;2,5;3;56;0;6,57142877578735
3;2;70;2;1;3;4;4;7;7;3;45; ;7
3;2;82;1;5;3;4;5;5,5;5;3;51;0;6,57142877578735
3;2;0;1;8;3;1;7;6,5;4,5;3;58;0;6,85714292526245
3;2;0;2;6;3;2;4;6,5;4,5;1;48;0;6
3;2;50;1;6;3;7;1;5,5;4;3;31;0;5,7142858505249
3;2;0;2;6;3;3;5;6;4;2;45;0;5,2857141494751
3;2;0;1;6;3;1;7;3,5;5,5;2;46;1;7
3;2;32;2;6;3;2;4;5;6;3;55;1;4,42857122421265
3;2;50;1;6;3;3;7;6;6;2;52; ;6,57142877578735
3;2;1;2;8;3;1;5;5;2,5;3;61;0;4,42857122421265
3;2;1;2;5;3;2;5;5,5;4;1;62;0;6,57142877578735
3;2;3;1;1;3;1;7;5;3;2;60;0;5,7142858505249
3;2;72;1;6;3;1;7;5;4;3;61;0;5,7142858505249
2;1;1;1;3;3;2;6;5;4;1;61;0;6,42857122421265
2;1;14;1;7;3;2;4;2,5;3;3;36;1;5,57142877578735
3;2;0;1;3;3;5;5;5,5;3;1;63;0;7
3;2;52;2;6;3;1;7;4,5;3;3;41;0;7
3;2;0;2;9;3;3;6;4,5;3;2;63;0;6,57142877578735
3;2;1;1;1;3;3;4;5;5,5;2;64;1;6,85714292526245
3;2;0;2;11;3;7;1;7;7;3;45; ;1
2;2;81;1;6;3;5;3;6,5;6;2;29;0;5
3;2;21;1;6;3;2;6;4,5;4;2;53;0;6,2857141494751
3;2;62;2;4;3;2;3;5;4,5;2;62;0;6
3;2;25;1;7;3;5;3;4,5;4,5;1;64; ;4,14285707473755
3;2;0;1;7;3;2;6;5;3;3;41;0;6,85714292526245
3;2;0;2;6;3;1;3;6,5;4,5;2;30;0;7
3;1;100;1;6;3;1;7;6;7;3;49;1;7
3;2;93;1;6;3;1;6;4,5;2,5;2;52;0;6,7142858505249
3;2;0;2;8;3;3;4;4,5;4,5;2;47; ;4,7142858505249
3;1;30;2;5;3;2;6;4;1,5;2;39;0;7
3;2;1;1;6;3;1;7;7;7;2;45; ;7
3;2;100;2;6;3;3;5;6,5;6;1;31;0;5,2857141494751
3;1;0;2;4;3;1;6;7;4;2;43;0;6,14285707473755
3;2;10;1;5;3;1;7;4;3;2;52;0;6,14285707473755
3;2;80;1;8;3;1;7;7;6;1;60;0;5,2857141494751
3;2;10;2;6;3;1;7;5,5;6;2;60;1;7
3;2;73;1;6;3;1;6;4;4;2;36; ;7
3;2;1;1;4;3;4;5;4,5;5;3;25;1;5,14285707473755
3;1;2;1;4;3;5;3;7;7;2;59; ;6,57142877578735
3;2;8;2;6;3;2;6;5;4;2;66;0;6,85714292526245
3;2;1;1;1;3;1;1;7;7;2;59; ;6,14285707473755
3;2;0;2;7;3;3;3;5,5;3,5;2;56;0;7
3;2;0;2;6;3;1;7;3,5;1;3;24;0;7
3;2;0;2;3;3;1;4;4;7;1;52;1;7
3;2;74;2;3;3;1;7;5;4;3;36;0;7
3;2;0;2;8;3;1;6;3,5;4,5;2;64;1;7
3;2;19;2;7;3;3;5;5,5;5;2;49;0;6,57142877578735
3;2;0;2;9;3;1;7;1,5;2,5;2;52;1;7
3;2;2;1;6;3;4;5;2,5;3;3;37;1;6,42857122421265
3;1;70;1;9;3;1;4;5;3,5;3;59;0;6
3;2;0;2;6;3;2;2;4,5;5;1;45;1;6,14285707473755
3;1;4;1;1;3;4;2;4,5;4,5;1;50; ;3,57142853736877
3;2;0;2;9;3;5;1;5;5;2;59; ;3,71428561210632
3;2;0;2;7;3;4;1;5,5;5,5;3;50; ;6,14285707473755
3;2;14;1;4;3;5;3;4,5;5;2;33;1;5,14285707473755
3;2;50;1;4;3;4;4;5;3,5;2;45;0;6,85714292526245
3;2;100;1;6;3;1;7;5,5;3,5;1;57;0;7
3;2;17;1;7;3;1;7;4;4;2;52; ;6,85714292526245
3;2;0;1;8;3;5;6;5,5;5;3;38;0;6
4;3;50;2;6;3;4;3;4;3,5;2;33;0;3,71428561210632
2;2;0;1;1;3;1;7;7;4,5;3;22;0;6,57142877578735
3;2;0;2;3;3;5;2;5;3;2;58;0;2,57142853736877
3;2;6;2;6;3;1;7;4;4;3;49; ;6,85714292526245
3;2;1;1;9;3;2;6;5,5;4,5;2;59;0;6,85714292526245
3;2;21;1;6;3;1;5;5,5;6;2;43;1;6,42857122421265
3;2;0;1;2;3;4;2;5;5;2;63; ;7
3;1;21;1;4;3;2;5;6,5;6;2;60;0;6,7142858505249
2;2;1;1;6;3;3;5;5;4,5;2;62;0;6,42857122421265
3;2;10;1;6;3;1;2;2,5;2,5;3;35; ;3,85714292526245
3;2;98;2;6;3;6;1;7;7;3;56; ;3,57142853736877
3;2;0;2;5;3;1;6;6,5;5;2;65;0;4,57142877578735
3;2;93;2;9;3;3;5;4;3,5;3;24;0;4,2857141494751
3;2;22;1;6;3;1;7;3,5;3;3;52;0;6,85714292526245
3;2;1;1;7;3;5;5;6;6;3;34; ;7
3;1;30;1;6;3;5;5;5;5;3;21; ;5
3;2;0;2;6;3;1;7;6,5;6;1;46;0;4,2857141494751
3;2;0;2;9;3;2;6;5,5;3,5;1;50;0;5
3;2;0;2;7;3;4;1;7;5,5;2;62;0;5,2857141494751
3;2;20;2;6;3;1;5;5;2;3;58;0;6,57142877578735
3;2;1;2;5;3;1;6;4;3;1;63;0;5,85714292526245
3;2;48;2;6;3;4;4;3,5;4;1;31;1;4,42857122421265
3;2;1;1;6;3;3;5;7;7;1;34; ;4,7142858505249
3;2;0;1;6;3;3;7;4,5;3;3;65;0;7
3;2;59;1;6;3;2;5;5;6;1;36;1;5,42857122421265
3;2;1;1;4;3;5;3;6,5;6;2;39;0;5,14285707473755
4;2;0;2;9;3;2;4;4;3,5;2;56;0;4,85714292526245
3;2;61;2;8;3;1;7;7;7;3;40; ;7
3;2;74;1;6;3;1;7;6;6;2;57; ;6,57142877578735
3;2;2;2;5;3;3;4;5,5;3,5;2;53;0;6,42857122421265
3;2;10;2;5;3;4;3;7;6,5;1;36;0;6
3;2;0;1;9;3;2;4;6;6;2;51; ;3,28571438789368
3;2;1;1;8;3;4;1;5,5;4,5;1;58;0;5,14285707473755
2;2;0;2;6;3;3;1;6;6,5;2;61;1;3,14285707473755
3;2;0;1;6;3;1;7;4;7;1;54;1;7
3;2;100;2;5;3;1;5;2,5;1,5;2;53;0;7
3;2;4;2;6;3;5;2;4,5;3,5;3;41;0;5,57142877578735
3;2;1;1;6;3;2;4;4;5,5;1;1978;1;6,85714292526245
4;3;25;1;6;3;4;4;3,5;3;1;36;0;5
3;2;100;1;6;3;6;1;4,5;6;2;31;1;1
3;2;0;2;3;3;1;7;6,5;4;2;39;0;5,42857122421265
3;2;0;2;6;3;4;4;5;5;2;57; ;4
3;2;90;2;6;3;5;4;5;5;2;23; ;5,85714292526245
3;2;1;1;4;3;2;6;4,5;3,5;2;61;0;7
3;2;0;2;6;3;3;4;4,5;3,5;2;47;0;6,42857122421265
3;2;0;2;10;3;1;7;2,5;1;2;63;0;7
3;2;1;1;6;3;1;7;5;6;2;53;1;7
3;2;1;2;3;3;2;7;4,5;3;2;38;0;6,7142858505249
2;1;8;2;8;3;2;5;5,5;4;2;66;0;4,85714292526245
3;2;29;1;8;3;1;3;4,5;5;3;45;1;6,57142877578735
3;2;21;2;8;3;2;6;6;6;2;56; ;7
3;2;0;2;6;3;6;2;4;4;3;50; ;6,85714292526245
3;2;41;1;4;3;1;6;6;6;2;40; ;5,57142877578735
3;2;1;2;10;3;1;6;5;5;2;55; ;5,2857141494751
3;2;50;1;7;3;2;5;5,5;4,5;3;53;0;6,42857122421265
4;2;0;1;9;3;5;3;5;5;1;60; ;6
3;2;0;1;7;3;1;7;5;2,5;3;59;0;7
3;2;60;1;6;3;7;1;7;4,5;2;37;0;4,14285707473755
3;2;22;1;6;3;1;7;4,5;4;3;41;0;6,42857122421265
3;2;0;2;6;3;1;7;7;5;3;59;0;7
3;2;20;2;4;3;2;6;5;3;3;49;0;6,2857141494751
3;2;1;1;8;3;2;6;5,5;5;3;56;0;5,57142877578735
3;1;1;2;7;3;4;3;4;4;3;47; ;6
2;2;50;1;1;3;4;4;5;5;3;50; ;6,42857122421265
3;1;35;2;6;3;6;6;4;4;3;37; ;4,14285707473755
3;1;0;2;5;3;3;4;5;5,5;2;25;1;6
3;2;81;1;1;3;1;7;5,5;3;1;52;0;7
3;2;0;1;6;3;5;3;3;3;3;40; ;5,7142858505249
3;2;1;1;6;3;1;7;5;5,5;1;33;1;6,57142877578735
3;2;74;1;6;3;1;7;5,5;4,5;3;28;0;6,7142858505249
3;2;1;1;9;3;1;7;4,5;3,5;2;65;0;7
3;2;0;1;10;3;1;7;7;7;2;53; ;7
3;2;60;1;5;3;1;7;5;3,5;3;50;0;6,85714292526245
3;2;25;1;6;3;4;4;4;4;1;39; ;4
3;2;30;2;3;3;1;7;4,5;5;2;49;1;5,2857141494751
3;2;20;2;3;3;5;3;6;5,5;2;45;0;4,42857122421265
3;1;1;2;7;3;5;4;5;2;3;44;0;7
3;2;51;2;7;3;2;7;7;5;3;44;0;7
3;2;6;2;5;3;1;3;4;5,5;2;55;1;7
3;2;50;1;5;3;2;5;3;2;3;44;0;6,2857141494751
3;2;1;1;7;3;2;4;5,5;5;1;41;0;4,85714292526245
3;2;99;2;6;3;4;3;4,5;1,5;1;42;0;6,57142877578735
3;2;0;2;6;3;5;3;3,5;4,5;2;33;1;4
3;2;0;2;7;3;1;7;4;3;3;29;0;7
3;2;76;1;6;3;1;7;4,5;4,5;1;51; ;7
2;2;100;1;6;3;1;7;7;7;1;19; ;6
3;2;60;1;6;3;6;1;7;7;2;28; ;6,7142858505249
3;2;28;2;4;3;7;6;7;6,5;2;23;0;6,57142877578735
3;2;0;2;6;3;2;6;5;5;2;52; ;5,7142858505249
3;2;50;2;3;3;1;6;1;1;3;52; ;6,57142877578735
3;2;1;2;7;3;2;6;4,5;4,5;3;40; ;6,42857122421265
3;2;0;1;4;3;1;3;3;3;2;40; ;7
4;2;10;2;6;3;4;4;5;4,5;3;39;0;6,14285707473755
3;2;1;1;6;3;4;4;4;4;2;33; ;5,14285707473755
3;2;0;1;8;3;2;4;4;4,5;1;51;1;6,85714292526245
3;2;0;2;4;3;2;2;2,5;2;3;40;0;4
2;1;1;1;6;3;3;4;5;5;3;45; ;6,2857141494751
3;2;1;1;6;3;1;7;4;4;3;40; ;7
3;2;20;1;6;3;3;3;4;4;2;30; ;4,42857122421265
2;2;20;2;6;3;1;4;7;7;2;40; ;6,7142858505249
3;2;0;1;4;3;5;5;6;6,5;2;28;1;6
3;2;15;1;3;3;2;5;4,5;5;2;53;1;6,14285707473755
3;2;89;1;7;3;1;7;6;5;2;49;0;7
3;2;0;2;5;3;2;5;5;4,5;1;55;0;6,2857141494751
3;2;30;1;2;3;1;6;7;4,5;2;33;0;6,57142877578735
3;2;64;2;9;3;5;4;6,5;6;2;48;0;5,57142877578735
3;1;5;2;7;3;1;5;6;5;3;48;0;6,85714292526245
3;2;83;2;6;3;1;7;5,5;4;3;50;0;6,14285707473755
3;1;4;1;3;3;3;5;5,5;4;3;24;0;5,42857122421265
3;2;0;1;2;3;2;7;5;4,5;2;53;0;6,85714292526245
3;2;100;1;6;3;1;7;6,5;3,5;1;53;0;7
3;2;100;2;6;3;1;7;3,5;3,5;2;39; ;7
3;2;100; ; ;3;6;2;6;4,5; ; ;0;7
3;2;20;1;7;4;3;5;5;5,5;3;37;1;5,7142858505249
3;2;15;2;5;4;3;4;5,5;6;2;35;1;6
3;2;19;2;8;4;2;4;5,5;4,5;3;52;0;7
3;2;71;1;7;4;1;7;6;3,5;2;51;0;6,85714292526245
2;2;0;1;4;4;2;6;6;4,5;2;55;0;6
3;2;0;2;6;4;1;7;3;6;3;64;1;6,42857122421265
3;2;0;1;11;4;4;4;3;3;1;18; ;4,14285707473755
3;2;16;2;7;4;1;7;4,5;4,5;3;40; ;6,42857122421265
3;2;0;2;4;4;1;5;6;5;1;46;0;6,57142877578735
2;2;80;1;8;4;5;5;7;6,5;2;31;0;6,14285707473755
3;2;10;2;6;4;2;4;4,5;4;3;35;0;5,85714292526245
3;2;1;1;6;4;2;2;6;6;1;57; ;7
3;2;26;1;5;4;5;4;5;5;2;40; ;6
4;2;0;2;7;4;5;4;6;6;3;39; ;7
3;2;1;1;6;4;1;1;1;1;1;66; ;1
3;2;51;2;6;4;2;6;6;5,5;1;39;0;6,85714292526245
3;2;53;2;4;4;1;4;6,5;4,5;3;31;0;6
3;2;100;2;6;4;7;6;7;7;2;54; ;6,7142858505249
3;2;12;1;1;4;1;7;5;4;1;54;0;7
2;2;0;1;5;4;5;4;6,5;6;2;48;0;6,14285707473755
3;2;20;2;5;4;5;5;6,5;4;3;29;0;5,85714292526245
3;2;18;1;7;4;5;5;5;4;2;29;0;4,7142858505249
3;2;0;1;3;4;1;7;1;1;2;58; ;6,7142858505249
3;2;39;2;7;4;1;7;7;4;3;43;0;7
3;2;1;2;6;4;1;6;5;5,5;1;65;1;7
3;2;29;2;1;4;2;5;5;6,5;1;21;1;6,85714292526245
3;2;100;1;4;4;5;3;4;4;1;26; ;5,7142858505249
3;2;0;1;7;4;1;7;4,5;5;2;42;1;7
3;2;37;1;10;4;5;5;6,5;6;1;37;0;6,14285707473755
3;2;2;1;3;4;4;5;7;7;3;40; ;7
3;2;0;1;3;4;2;2;6,5;5,5;3;25;0;6,42857122421265
3;2;1;1;3;4;1;7;5,5;4,5;2;51;0;7
3;2;20;2;6;4;1;7;6;4,5;2;54;0;5,57142877578735
3;2;1;1;6;4;1;7;4;4;2;54; ;6,85714292526245
3;2;49;1;5;4;1;7;4,5;2;1;48;0;6,14285707473755
3;2;100;1;7;4;4;6;5,5;6;2;52;1;4,42857122421265
3;2;50;1;6;4;1;7;7;5,5;2;58;0;7
3;2;18;1;6;4;4;4;6,5;5;1;24;0;5,57142877578735
1;2;72;1;6;4;1;7;1;1;3;40; ;5,85714292526245
3;2;8;1;4;4;5;4;5;4,5;1;23;0;6
3;2;9;1;5;4;1;7;5;5;2;51; ;6,7142858505249
3;2;63;2;4;4;6;6;5;5;1;61; ;7
3;2;0;1;6;4;2;7;1,5;2,5;3;44;1;4
3;2;1;2;5;4;1;7;5,5;4,5;2;52;0;6,42857122421265
3;2;45;1;6;4;1;7;4,5;2,5;2;43;0;6,42857122421265
3;2;15;2;8;4;1;7;7;5,5;3;44;0;6,57142877578735
3;2;17;1;6;4;4;4;4;4;2;58; ;6,85714292526245
3;2;0;2;3;4;3;6;5,5;4;1;53;0;6,85714292526245
3;2;0;1;7;4;3;6;5,5;5;1;42;0;6,85714292526245
3;2;0;2;1;4;1;7;3,5;2;2;63;0;4,2857141494751
3;2;40;2;8;4;1;7;5;4,5;1;36;0;6,7142858505249
3;2;50;1;6;4;3;5;6,5;6,5;1;24; ;6,57142877578735
3;2;7;2;7;4;2;5;4,5;4;3;65;0;5,57142877578735
3;2;2;2;1;4;1;7;4,5;3,5;1;57;0;6,7142858505249
3;2;0;2;5;4;2;7;5;5,5;3;56;1;7
3;2;100;1;1;4;1;7;5;4,5;3;25;0;6,57142877578735
3;2;100;2;4;4;4;4;4;4;1;42; ;4
3;2;29;2;3;4;1;6;6;5,5;1;58;0;7
4;3;10;2;6;4;3;3;3;2,5;1;39;0;3,42857146263123
3;2;33;2;6;4;4;5;5,5;5,5;1;34; ;6,85714292526245
3;2;96;2;4;4;1;7;4,5;4;3;49;0;6,85714292526245
3;2;33;2;4;4;2;6;5,5;5,5;2;46; ;6,57142877578735
3;2;49;2;7;4;2;6;5;4,5;3;54;0;6,7142858505249
3;2;2;1;7;4;4;3;3;2,5;3;38;0;6,7142858505249
3;2;41;1;6;4;1;7;4;4,5;2;56;1;6,7142858505249
3;2;1;2;3;4;4;4;3,5;3;2;65;0;6,85714292526245
3;2;0;1;6;4;1;7;6;4,5;2;54;0;5,7142858505249
3;2;80;2;6;4;2;7;5,5;5;3;55;0;5,85714292526245
3;2;1;1;5;4;2;4;3;3;1;66; ;6,42857122421265
3;2;0;1;6;4;1;7;7;7;2;57; ;7
3;2;0;1;6;4;1;6;3;1,5;3;29;0;7
3;2;0;1;6;4;2;6;7;5,5;3;52;0;6,7142858505249
3;2;61;2;4;4;4;3;3,5;3;1;55;0;6,42857122421265
3;2;0;2;6;4;1;7;4,5;2;3;61;0;6,42857122421265
3;2;1;1;3;4;3;4;3;2;2;52;0;7
3;2;30;1;4;4;1;7;4;3;2;59;0;6,14285707473755
3;2;30;1;6;4;1;7;4,5;4,5;1;51; ;7
3;2;10;2;6;4;1;6;4;3;1;20;0;6,2857141494751
3;2;0;1;3;4;4;5;4,5;5,5;1;29;1;4,85714292526245
3;2;52;1;5;4;1;1;4;6;1;38;1;6,42857122421265
3;2;2;1;6;4;1;7;5,5;3,5;1;51;0;6
3;2;0;2;1;4;2;7;4,5;5,5;1;66;1;6,42857122421265
3;2;0;2;5;4;1;6;5,5;4;2;57;0;6,42857122421265
3;2;60;2;6;4;1;7;6,5;6;2;38;0;6,85714292526245
3;2;0;2;4;4;1;7;5;5;2;61; ;7
3;2;1;1;4;4;1;7;6,5;4,5;2;32;0;6,2857141494751
3;2;0;2;8;4;2;5;7;6,5;1;66;0;6,57142877578735
3;2;0;2;5;4;2;6;4;3;2;52;0;6,14285707473755
3;2;5;1;4;4;1;7;5;5;2;63; ;7
3;2;1;1;6;4;3;2;7;6;2;51;0;4,85714292526245
3;2;0;2;4;4;3;5;6,5;7;2;64;1;7
3;2;30;1;6;4;5;4;5;4,5;2;33;0;6,7142858505249
3;2;20;2;6;4;2;7;4;4,5;2;66;1;6,57142877578735
3;2;40;1;5;4;4;3;4,5;4;3;30;0;4,57142877578735
3;2;0;2;8;4;1;7;3,5;5,5;2;65;1;5,7142858505249
3;2;20;1;4;4;1;6;5,5;5;2;61;0;7
3;2;18;2;9;4;4;5;5,5;5;3;44;0;6,14285707473755
3;2;5;2;6;4;1;6;4,5;4,5;2;65; ;6,42857122421265
3;2;10;1;6;4;5;6;4,5;7;1;28;1;6,57142877578735
3;2;2;2;4;4;1;5;5;3,5;1;62;0;6
3;2;0;1;6;4;4;4;4;4;1;52; ;4
3;2;0;2;7;4;1;4;5;4,5;3;56;0;5,85714292526245
3;2;0;2;3;4;2;7;6;5;2;44;0;6,85714292526245
3;2;14;1;6;4;2;5;5,5;4,5;2;62;0;6,85714292526245
3;2;39;1;6;4;2;7;6;6,5;3;54;1;6,14285707473755
3;2;9;2;7;4;5;4;6;6,5;2;64;1;4,85714292526245
3;2;0;2;7;4;1;7;6;4,5;3;40;0;7
3;2;0;1;5;4;1;7;5;6,5;1;39;1;7
2;2;1;2;5;4;2;6;5,5;5;3;62;0;6,14285707473755
3;2;1;1;11;4;4;6;5,5;7;2;52;1;7
3;2;0;2;7;4;1;7;3,5;3,5;2;55; ;5,14285707473755
3;1;100;1;6;4;2;6;5;5;3;55; ;6,57142877578735
3;2;0;1;6;4;1;6;5;5,5;2;45;1;6,85714292526245
3;2;0;2;6;4;1;7;6;6;2;61; ;6,85714292526245
4;3;5;1;6;4;4;4;5;6;2;56;1;6,2857141494751
3;2;0;1;6;4;1;7;5;4;1;52;0;7
3;2;0;1;5;4;1;7;4;4;2;35; ;6,85714292526245
3;2;6;1;6;4;2;6;4,5;4,5;3;30; ;6,14285707473755
3;2;0;1;7;4;1;7;3;1,5;2;29;0;6,85714292526245
3;2;1;1;9;4;4;4;4;4;2;62; ;5
3;2;0;2;7;4;2;6;6;6;2;53; ;7
3;2;12;2;6;4;2;7;6;6;1;63; ;6
3;2;0;2;7;4;2;6;5;6;1;57;1;6,7142858505249
2;2;80;1;6;4;1;7;7;7;1;59; ;7
3;2;17;1;6;4;2;6;5;5,5;1;49;1;6,7142858505249
3;2;1;2;4;4;2;6;5,5;3;1;58;0;6,7142858505249
3;2;0;2;5;4;2;7;6,5;6;1;61;0;7
3;2;60;1;5;4;1;5;4,5;4;1;58;0;4,85714292526245
3;2;10;1;6;4;1;5;5,5;3,5;1;63;0;5,57142877578735
3;2;0;2;6;4;1;4;5;6,5;2;66;1;7
3;2;40;1;4;4;1;6;4,5;4;3;29;0;6,85714292526245
2;2;9;1;4;4;3;5;3;7;1;53;1;5,7142858505249
3;2;20;2;6;4;2;6;5;4,5;2;32;0;6,57142877578735
3;2;40;1;5;4;3;6;5,5;6;1;32;1;6,57142877578735
3;2;91;2;6;4;1;7;5,5;5,5;2;51; ;6,57142877578735
3;2;0;2;5;4;1;7;4,5;5;2;52;1;7
3;2;1;1;6;4;3;3;5;5;1;50; ;5,42857122421265
3;2;0;2;6;4;2;2;6,5;5;2;26;0;6,85714292526245
3;2;4;2;1;4;7;1;1;1;1;23; ;1
3;2;0;2;8;4;1;6;5,5;4,5;3;38;0;4,85714292526245
3;1;100;1;11;4;5;4;5,5;5,5;1;20; ;3,57142853736877
3;2;0;1;5;4;4;4;3,5;3,5;3;33; ;4
3;1;39;2;7;4;6;2;5,5;6;2;47;1;6,85714292526245
3;2;63;2;3;4;6;5;5,5;4;1;29;0;5,57142877578735
3;2;1;2;6;4;1;7;5,5;5;2;62;0;6,85714292526245
3;2;74;1;1;4;1;7;5,5;2,5;2;60;0;6,14285707473755
3;2;0;1;5;4;1;7;2;3;2;50;1;7
3;2;40;1;7;4;1;7;6,5;6;1;57;0;6,57142877578735
3;2;0;1;3;4;1;7;5;5;3;31; ;6,42857122421265
3;2;0;1;6;4;5;4;5;3,5;3;51;0;5,7142858505249
3;2;40;1;7;4;1;7;6;4,5;2;45;0;6,85714292526245
3;2;0;1;6;4;4;4;4,5;3,5;3;28;0;6,7142858505249
2;2;57;1;11;4;4;4;3;4;1;34;1;3,71428561210632
3;2;29;2;4;4;1;5;4;3;3;62;0;5,57142877578735
3;1;50;2;5;4;1;7;5;5;2;56; ;6,42857122421265
3;2;0;2;7;4;3;5;5;5;3;53; ;6,14285707473755
3;2;1;2;7;4;4;3;7;7;3;55; ;3,28571438789368
3;2;0;2;8;4;1;7;6;6;2;60; ;7
3;2;0;1;8;4;1;1;7;4,5;3;62;0;7
3;2;0;2;6;4;1;7;7;7;1;20; ;6,57142877578735
2;2;0;1;6;4;1;7;7;7;2;30; ;7
3;2;50;1;6;4;4;4;4;4;1;44; ;7
3;2;0;2;6;4;3;5;4;3,5;1;56;0;4,14285707473755
3;2;47;2;9;4;3;6;7;7;3;53; ;6,7142858505249
3;2;51;1;6;4;2;2;5,5;5;1;59;0;6,2857141494751
3;2;1;2;7;4;1;5;3,5;4;2;41;1;6,2857141494751
3;2;100;2;8;4;1;7;5,5;4,5;3;55;0;6,7142858505249
3;2;0;1;6;4;4;6;5;3,5;2;38;0;7
3;2;1;1;7;4;1;7;6;6;2;64; ;6,14285707473755
3;2;2;2;6;4;2;6;3,5;3,5;3;36; ;6,57142877578735
3;2;100;2;6;4;1;7;4;4;1;57; ;7
3;2;10;2;6;4;1;7;2;3;2;39;1;6,57142877578735
3;2;0;1;11;4;7;7;7;7;1;23; ;7
3;2;100;1;6;4;2;7;6;5;2;62;0;6,14285707473755
3;2;0;2;7;4;3;2;5;3,5;2;56;0;4,7142858505249
3;2;0;2;6;4;1;6;5,5;4,5;3;66;0;7
3;1;25;1;6;4;1;7;7;7;1;32; ;7
3;2;40;2;7;4;2;4;5;5,5;2;62;1;6,85714292526245
3;2;0;1;7;4;5;2;6,5;3,5;3;24;0;6,42857122421265
3;2;13;1;6;4;1;1;6,5;4,5;2;65;0;7
3;2;0;2;5;4;1;5;6;5,5;3;35;0;7
3;2;31;1;6;4;7;4;5;6;1;36;1;6,57142877578735
3;2;0;2;9;4;6;3;7;7;2;60; ;7
3;2;10;2;6;4;2;3;4,5;4;3;65;0;6,14285707473755
3;2;2;1;8;4;1;7;4,5;4;2;56;0;7
3;2;40;2;3;4;2;5;3,5;2;2;41;0;5,42857122421265
3;2;100;1;2;4;1;7;4;5;1;19;1;7
3;2;0;2;6;4;1;7;6;5;2;64;0;7
3;2;0;1;6;4;2;2;6,5;5;2;51;0;6,2857141494751
3;2;0;1;3;4;1;7;5,5;4,5;1;19;0;7
3;2;0;1;5;4;1;7;4;2;3;47;0;6,7142858505249
3;2;0;2;4;4;1;7;5;4;2;48;0;6,85714292526245
3;2;19;1;7;4;1;7;3;2;2;54;0;6,42857122421265
3;2;20;1;5;4;1;7;6;5,5;3;25;0;6,42857122421265
3;2;30;1;8;4;4;4;7;7;3;44; ;4,42857122421265
3;2;0;2;7;4;1;7;6,5;5,5;2;64;0;6,85714292526245
3;2;33;2;4;4;1;7;5;4;2;39;0;6
3;2;0;1;6;4;4;7;5,5;5,5;1;53; ;6,7142858505249
3;2;28;1;11;4;5;5;5;5,5;2;40;1;5,14285707473755
3;2;60;2;7;4;5;5;6;5,5;3;30;0;6,7142858505249
3;2;0;2;9;4;1;7;5,5;6,5;2;58;1;6,7142858505249
3;1;100;2;7;4;1;6;5,5;5;1;42;0;7
3;2;0;2;3;4;1;7;4,5;1,5;3;55;0;6,42857122421265
3;2;100;1;6;4;1;1;1;1;1;34; ;1
3;2;1;2;6;4;3;1;4;4;1;50; ;4,85714292526245
3;2;0;2;6;4;2;3;5;5;1;38; ;6,42857122421265
3;2;0;2;8;4;1;7;7;5,5;1;35;0;7
3;2;1;1;6;4;1;7;2,5;4;2;40;1;7
3;2;5;2;8;4;3;6;5,5;6;2;38;1;6,57142877578735
3;2;100;1;6;4;3;3;4;4;1;31; ;4
3;2;80;1;6;4;1;4;6,5;5,5;3;41;0;7
3;2;0;1;6;4;1;4;4,5;4,5;1;51; ;7
2;1;40;2;6;4;2;7;4;4,5;3;29;1;7
3;2;100;2;6;4;1;7;5;1,5;1;35;0;7
3;2;100;1;5;4;2;6;5,5;6;3;27;1;6,85714292526245
3;2;0;2;6;4;1;6;4,5;3,5;1;55;0;5,85714292526245
3;2;5;2;3;4;1;7;7;7;1;32; ;7
3;2;50;2;4;4;2;5;4;4,5;2;49;1;6
3;2;0;1;6;4;1;7;6,5;6,5;2;54; ;7
4;3;52;2;6;4;3;4;3,5;3,5;1;19; ;3,57142853736877
3;2;40;2;7;4;4;5;5;5;2;51; ;5,2857141494751
3;2;0;2;4;4;4;2;5;3,5;2;57;0;6,14285707473755
3;2;100;2;6;4;4;4;4,5;3;2;32;0;3
2;2;0;1;4;4;3;5;6;5;2;22;0;6,2857141494751
4;1;10;1;4;4;4;6;6,5;6;1;24;0;6,57142877578735
2;2;0;1;5;4;1;7;5,5;6;2;41;1;7
3;2;47;1;7;4;1;7;2;2,5;2;39;1;7
3;2;40;1;6;4;2;5;4,5;4,5;2;48; ;5,85714292526245
3;2;0;2;9;4;5;3;3,5;4;3;26;1;4,42857122421265
4;2;48;1;6;4;3;3;3;3;1;54; ;3
3;2;0;1;7;4;3;5;4,5;3;2;40;0;5,85714292526245
3;2;49;1;6;4;2;6;4;3;1;53;0;6,7142858505249
3;2;30;2;6;4;1;7;4;4;1;23; ;6,85714292526245
3;2;91;3;3;4;3;5;4,5;3,5;1;36;0;7
3;2;0;2;4;4;1;7;6;5,5;3;36;0;6,14285707473755
2;2;34;2;1;4;6;6;5;5;1;31; ;3,85714292526245
3;2;100;2;6;4;4;4;4;4;3;40; ;4
3;2;51;1;6;4;3;4;4,5;4;2;52;0;6,42857122421265
3;2;100;1;6;4;5;7;4,5;5,5;2;25;1;6
3;2;0;1;6;4;1;7;7;7;1;24; ;6,57142877578735
3;2;40;2;6;4;4;4;6,5;6;2;48;0;3
3;1;100;1;4;4;1;7;7;7;1;41; ;7
3;2;0;2;6;4;1;7;4,5;4;2;52;0;6,85714292526245
3;2;0;2;6;4;1;6;5;5;3;54; ;6,7142858505249
3;2;0;1;6;4;2;6;4;3;2;37;0;6,2857141494751
3;2;41;1;6;4;2;7;5;4,5;2;33;0;6,42857122421265
3;2;1;1;6;4;3;6;4,5;3;2;43;0;7
3;2;9;2;3;4;2;5;5,5;6;3;32;1;5,7142858505249
3;2;53;1;6;4;7;2;3,5;4,5;2;45;1;6,85714292526245
3;2;10;2;8;4;6;4;4,5;5;3;29;1;6,2857141494751
3;2;8;2;8;4;1;1;1;1;1;22; ;1
3;2;85;1;7;4;1;6;5,5;5;2;36;0;5,42857122421265
1;2;31;2;3;4;4;3;4;6;3;34;1;3,85714292526245
3;1;0;1;1;4;1;7;5,5;4,5;1;25;0;6,42857122421265
3;2;40;2;4;4;2;5;4;3,5;3;35;0;6,2857141494751
3;2;63;2;3;4;3;3;4;4,5;1;32;1;4
3;2;0;2;6;4;3;4;3,5;3,5;1;30; ;3,28571438789368
3;2;52;1;9;4;6;3;7;6;2;44;0;7
3;2;39;1;4;4;2;6;5;4,5;3;36;0;6,42857122421265
3;2;0;1;3;4;1;7;5;6;2;44;1;6,85714292526245
3;2;50;1;6;4;7;3;4,5;3;2;24;0;6
3;2;100;1;6;4;4;2;5,5;4;3;24;0;6,42857122421265
1;1;64;2;8;4;4;5;4,5;6;1;24;1;4,85714292526245
3;2;35;1;11;4;3;5;5,5;4;1;11;0;5,14285707473755
3;2;70;1;1;4;1;1;1;1;3;21; ;1
2;2;0;2;8;4;3;7;7;7;1;20; ;3,14285707473755
3;2;30;2;6;4;3;4;6;5,5;1;20;0;6,42857122421265
3;2;39;1;2;4;3;1;4;4;3;26; ;3,71428561210632
3;1;43;2;2;4;2;2;3,5;3,5;1;29; ;3
3;2;0;2;5;4;2;6;5;4,5;1;23;0;4,85714292526245
3;2;20;2;5;4;2;6;3,5;4,5;3;21;1;6,57142877578735
3;1;51;1;6;4;6;1;7;5;1;18;0;6
3;2;51;2;9;4;2;6;4,5;5;3;34;1;7
3;2;25;1;6;4;1;7;4,5;3;1;57;0;7
3;2;30;2;7;4;1;7;5,5;5;2;49;0;7
3;2;53;1;6;4;1;7;4;4,5;2;38;1;6,7142858505249
3;2;4;1;2;4;3;5;5;4,5;2;39;0;6
3;2;25;2;6;4;2;7;7;5;3;40;0;7
3;2;30;1;7;4;1;7;5,5;5;3;48;0;6,85714292526245
3;2;7;2;7;4;1;7;5;5;2;48; ;7
3;2;0;2;6;4;1;7;5,5;3,5;2;64;0;6,85714292526245
3;2;0;2;7;4;1;7;2;1;1;33;0;7
3;2;40;2;6;4;1;7;7;7;2;52; ;5,7142858505249
3;2;9;2;6;4;1;7;2,5;2;2;31;0;6,57142877578735
3;2;42;2;8;4;7;2;7;7;3;42; ;6,2857141494751
3;2;40;1;4;4;1;7;3,5;3;1;48;0;6,42857122421265
3;2;10;1;4;4;4;2;5;4;2;33;0;7
3;2;0;1;6;4;1;7;4;4,5;2;55;1;7
3;1;43;1;5;4;4;3;5,5;4,5;3;32;0;6,14285707473755
3;2;25;2;9;4;6;5;4;3,5;2;-17879;0;5,7142858505249
3;2;25;2;2;4;1;6;5,5;3,5;3;44;0;6,14285707473755
3;2;38;1;10;4;2;5;3;4,5;2;29;1;4,14285707473755
3;2;0;2;7;4;1;4;6;6;1;63; ;6,42857122421265
3;2;40;2;8;4;1;7;6,5;6;2;66;0;6,57142877578735
3;1;40;2;7;4;2;5;5;4;2;53;0;5,2857141494751
3;2;11;1;3;4;4;3;5;3,5;1;22;0;5,57142877578735
3;2;40;2;7;4;1;6;3,5;5;3;55;1;6,57142877578735
3;2;71;2;6;4;5;4;7;7;2;33; ;6
3;2;2;1;6;4;4;4;7;7;2;55; ;7
3;2;0;2;1;4;1;7;7;7;3;42; ;7
3;2;10;2;2;4;1;7;3;4,5;2;45;1;7
3;2;1;2;6;4;4;6;6;5,5;1;59;0;6,85714292526245
3;2;8;1;7;4;4;3;3,5;5;2;47;1;6,57142877578735
3;2;100;2;5;4;1;7;4;5;2;65;1;6,14285707473755
3;1;61;1;6;4;1;7;6;4,5;3;42;0;7
3;2;0;2;8;4;2;6;5;4;3;54;0;6,2857141494751
3;2;30;1;5;4;1;7;4,5;4;2;41;0;7
3;2;0;1;6;4;4;4;4;4;1;21; ;6,57142877578735
3;2;62;2;6;4;4;5;5;5,5;1;46;1;6,7142858505249
3;2;50;1;4;4;1;7;3,5;4;3;33;1;6,2857141494751
3;2;1;1;5;4;3;5;4;2,5;2;43;0;7
3;2;29;2;6;4;2;4;6;5;3;45;0;6
3;2;71;1;4;4;1;7;6;5;2;64;0;7
3;2;0;1;6;4;1;6;5;3;2;65;0;6,57142877578735
3;2;0;2;4;4;1;5;6;5;1;43;0;6,85714292526245
3;2;40;2;7;4;5;3;4;4;2;35; ;6,42857122421265
3;2;0;1;6;4;1;5;4;4,5;1;37;1;3,85714292526245
3;2;4;2;6;4;1;7;4;7;2;50;1;6,14285707473755
3;1;66;2;6;4;6;5;4,5;7;3;34;1;4,85714292526245
2;1;49;1;6;4;5;5;6,5;6;1;24;0;5,7142858505249
3;2;40;2;7;4;1;7;5;4;2;61;0;5,14285707473755
3;2;10;1;6;4;4;4;3,5;5;2;47;1;6,7142858505249
3;2;0;2;8;4;1;7;4;4,5;3;57;1;6,14285707473755
3;2;0;1;6;4;7;1;5;2;2;45;0;6,14285707473755
3;2;41;2;3;4;2;4;5;5;1;49; ;6,2857141494751
3;2;9;2;7;4;3;6;4,5;3,5;3;65;0;6,42857122421265
